No event,NaN,NaN,NaN,0,1.56078E+12
No event,0.14,-0.07,0.37,0,1.56078E+12
No event,0.14,-0.1,0.4,0,1.56078E+12
No event,0.16,-0.11,0.41,0,1.56078E+12
No event,0.16,-0.13,0.42,0,1.56078E+12
No event,0.17,-0.13,0.42,0,1.56078E+12
No event,0.18,-0.12,0.42,0,1.56078E+12
No event,0.2,-0.12,0.42,0,1.56078E+12
No event,0.21,-0.15,0.43,0,1.56078E+12
No event,0.2,-0.16,0.47,0,1.56078E+12
No event,0.27,-0.33,0.46,0,1.56078E+12
No event,0.5,-0.41,0.7,0,1.56078E+12
No event,0.44,-0.44,0.74,0,1.56078E+12
No event,NaN,NaN,NaN,0,1.56078E+12
No event,0,0.01,0,0,1.56078E+12
No event,-0.01,0.02,-0.03,0,1.56078E+12
No event,-0.01,0.03,-0.03,0,1.56078E+12
No event,-0.01,0.03,-0.04,0,1.56078E+12
No event,0.01,0.31,-0.29,0,1.56078E+12
No event,NaN,NaN,NaN,0,1.56078E+12
No event,0.02,0.02,-0.04,0,1.56078E+12
No event,0.03,-0.01,-0.02,0,1.56078E+12
No event,0.01,-0.03,0.02,0,1.56078E+12
No event,0,-0.03,0.04,0,1.56078E+12
No event,0.02,-0.03,0.05,0,1.56078E+12
No event,0,-0.04,0.06,0,1.56078E+12
No event,0,-0.04,0.05,0,1.56078E+12
No event,0,-0.05,0.07,0,1.56078E+12
No event,-0.03,-0.05,0.09,0,1.56078E+12
No event,-0.02,-0.07,0.07,0,1.56078E+12
No event,0.02,-0.06,0.04,0,1.56078E+12
No event,NaN,NaN,NaN,0,1.56082E+12
No event,-0.21,9.76,0.05,0,1.56082E+12
No event,-0.22,9.8,-0.19,0,1.56082E+12
No event,-0.24,9.81,-0.18,0,1.56082E+12
No event,-0.08,0.58,-0.09,0,1.56082E+12
No event,0.21,-0.06,0,0,1.56082E+12
No event,-0.17,-0.02,-0.05,0,1.56082E+12
No event,-0.05,0,-0.26,0,1.56082E+12
No event,0.03,-0.04,-0.03,0,1.56082E+12
No event,0.12,0.02,-0.3,0,1.56082E+12
No event,-0.02,0.09,-0.49,0,1.56082E+12
No event,-0.03,-0.16,-0.46,0,1.56082E+12
Acceleration,0.49,0.34,-0.82,0,1.56082E+12
No event,0.13,-0.2,-0.25,0,1.56082E+12
No event,0.35,0.06,0.11,0,1.56082E+12
No event,0.13,-0.01,0.74,0,1.56082E+12
No event,-0.14,-0.18,0.14,0,1.56082E+12
No event,-0.08,-0.15,0.1,0,1.56082E+12
No event,-0.31,-0.01,-0.36,0,1.56082E+12
No event,0.17,-0.03,-0.2,0,1.56082E+12
No event,0.29,-0.18,-0.35,0,1.56082E+12
No event,0.13,-0.02,-0.05,0,1.56082E+12
No event,-0.03,0.36,0.11,0,1.56082E+12
No event,-0.13,-0.18,0.89,0,1.56082E+12
No event,0.13,0.03,0.62,0,1.56082E+12
No event,0.17,0.02,0.92,0,1.56082E+12
No event,0.33,-0.02,0.22,0,1.56082E+12
No event,0,0,-0.07,0,1.56082E+12
No event,0.21,-0.03,-0.42,0,1.56082E+12
No event,0.4,-0.09,-0.26,0,1.56082E+12
No event,-0.46,-0.42,0.04,0,1.56082E+12
No event,0.46,0.16,-0.32,0,1.56082E+12
No event,-0.39,0.05,-0.17,0,1.56082E+12
No event,-0.37,0.1,0.22,0,1.56082E+12
No event,-0.03,0.03,-0.03,0,1.56082E+12
No event,-0.07,-0.13,-0.31,0,1.56082E+12
No event,0.06,0.1,-0.03,0,1.56082E+12
No event,-0.41,-0.09,0.9,0,1.56082E+12
No event,-0.47,-0.01,-0.08,0,1.56082E+12
No event,-0.45,-0.06,-0.19,0,1.56082E+12
No event,-0.14,-0.04,-0.07,0,1.56082E+12
No event,-0.26,0.2,-0.01,0,1.56082E+12
No event,-0.11,-0.18,0,∞,1.56082E+12
No event,0.28,-0.09,-0.5,∞,1.56082E+12
No event,0.33,-0.12,-0.04,∞,1.56082E+12
No event,0.26,-0.02,-0.02,∞,1.56082E+12
No event,-0.15,0.04,-0.43,∞,1.56082E+12
No event,0.38,0.01,-0.06,∞,1.56082E+12
No event,0.12,-0.18,-0.03,∞,1.56082E+12
No event,0.01,0.01,0.33,∞,1.56082E+12
No event,0.22,-0.16,0.24,∞,1.56082E+12
No event,-0.08,-0.24,-0.37,∞,1.56082E+12
No event,0.47,0.15,0.1,∞,1.56082E+12
No event,0.17,-0.02,0.31,∞,1.56082E+12
No event,0.31,-0.01,0.15,∞,1.56082E+12
No event,0.27,0.08,-0.08,∞,1.56082E+12
No event,-0.05,0.19,-0.01,∞,1.56082E+12
No event,0.28,-0.26,0.13,∞,1.56082E+12
No event,0.04,-0.3,-0.08,∞,1.56082E+12
No event,-0.07,-0.02,-0.13,∞,1.56082E+12
Speeding,1.29,-0.27,-0.5,∞,1.56082E+12
No event,0.08,0.17,0.34,∞,1.56082E+12
No event,0.03,-0.16,0.3,∞,1.56082E+12
No event,0.05,-0.13,0.35,∞,1.56082E+12
No event,0.48,-0.78,-0.12,∞,1.56082E+12
No event,-0.49,-0.37,-0.44,∞,1.56082E+12
No event,0.27,0,-0.22,∞,1.56082E+12
No event,0.02,0.52,0.06,∞,1.56082E+12
No event,0.15,-0.01,-0.21,∞,1.56082E+12
No event,0.04,0.09,0.39,∞,1.56082E+12
No event,0.11,0.03,0.1,∞,1.56082E+12
No event,-0.11,0.07,-0.15,∞,1.56082E+12
No event,0.33,0.08,-0.11,∞,1.56082E+12
No event,0.02,0.21,-0.02,∞,1.56082E+12
No event,-0.31,0.01,0.1,∞,1.56082E+12
No event,-0.33,0.19,0.04,∞,1.56082E+12
No event,-0.45,-0.23,-0.06,∞,1.56082E+12
No event,-0.12,-0.02,-0.01,∞,1.56082E+12
No event,-0.15,0.56,0.15,12.68,1.56082E+12
No event,0.33,0.06,0.42,∞,1.56082E+12
No event,-0.16,0.52,0.07,∞,1.56082E+12
No event,0.48,0.21,0.29,∞,1.56082E+12
No event,0.08,-0.04,0.91,∞,1.56082E+12
No event,-0.03,-0.1,0.35,∞,1.56082E+12
No event,0.33,-0.34,0.28,∞,1.56082E+12
No event,0.12,0.41,0.24,∞,1.56082E+12
No event,0.21,-0.21,0.6,∞,1.56082E+12
No event,-0.43,0.38,0.54,∞,1.56082E+12
No event,0.36,-0.1,0.71,∞,1.56082E+12
No event,0.45,-0.12,0.78,∞,1.56082E+12
No event,-0.08,0.07,0.44,∞,1.56082E+12
No event,0.04,0.1,0.9,∞,1.56082E+12
No event,0.21,-0.27,0.49,∞,1.56082E+12
No event,0.25,-0.12,0.27,∞,1.56082E+12
No event,-0.08,0.29,0.7,∞,1.56082E+12
No event,0.47,0.19,0.34,∞,1.56082E+12
No event,0.28,-0.18,0.56,∞,1.56082E+12
No event,-0.48,0.99,-0.3,∞,1.56082E+12
No event,0.4,0.9,0.45,∞,1.56082E+12
No event,0.31,-0.7,0.6,∞,1.56082E+12
No event,0.28,0.09,0.07,5.76,1.56082E+12
No event,0.11,-0.15,0.06,7.09,1.56082E+12
No event,0.16,0.18,-0.07,∞,1.56082E+12
No event,0.04,0.06,-0.02,∞,1.56082E+12
No event,0.05,0.11,-0.01,∞,1.56082E+12
No event,0.18,-0.13,-0.04,∞,1.56082E+12
No event,0.28,0.29,0.1,∞,1.56082E+12
No event,-0.05,-0.19,0.09,10.1,1.56082E+12
No event,-0.49,-0.09,0.51,∞,1.56082E+12
No event,-0.3,0,0.74,∞,1.56082E+12
No event,-0.08,0.29,0.22,∞,1.56082E+12
No event,-0.34,0.26,0.33,8.15,1.56082E+12
No event,0.35,0.34,0.4,∞,1.56082E+12
No event,-0.05,-0.05,0.11,9.9,1.56082E+12
No event,-0.06,-0.32,0.4,∞,1.56082E+12
No event,0.4,-0.51,0.01,∞,1.56082E+12
Speeding,0.59,0.39,-0.59,∞,1.56082E+12
No event,0.06,0.1,0.27,∞,1.56082E+12
No event,-0.06,0.07,0.17,∞,1.56082E+12
No event,-0.42,0.06,0.9,∞,1.56082E+12
No event,-0.22,0.23,0.87,∞,1.56082E+12
No event,-0.06,0.04,0.44,∞,1.56082E+12
No event,0.17,-0.01,-0.3,∞,1.56082E+12
No event,0.12,0.12,0.04,∞,1.56082E+12
No event,-0.44,-0.12,0.43,∞,1.56082E+12
No event,-0.34,-0.09,0.25,∞,1.56082E+12
No event,-0.34,-0.01,-0.23,∞,1.56082E+12
No event,-0.45,0.14,0.25,∞,1.56082E+12
No event,-0.43,-0.08,-0.42,∞,1.56082E+12
No event,-0.32,0.14,0.34,∞,1.56082E+12
No event,-0.5,-0.05,0.84,∞,1.56082E+12
No event,-0.48,0.03,0.14,∞,1.56082E+12
No event,-0.39,-0.31,-0.13,∞,1.56082E+12
No event,-0.07,0.12,-0.05,∞,1.56082E+12
No event,-0.07,-0.05,0.03,∞,1.56082E+12
No event,-0.25,0.12,0.25,∞,1.56082E+12
No event,-0.1,-0.31,0.34,∞,1.56082E+12
No event,-0.31,0.29,0.17,∞,1.56082E+12
No event,-0.3,-0.12,0.13,∞,1.56082E+12
No event,-0.29,0.03,0.2,∞,1.56082E+12
No event,-0.19,0.29,0.02,∞,1.56082E+12
No event,-0.39,-0.06,0.67,∞,1.56082E+12
No event,-0.38,-0.19,0.77,∞,1.56082E+12
No event,-0.2,0.02,0.8,∞,1.56082E+12
No event,-0.07,0.35,0.59,∞,1.56082E+12
No event,-0.35,-0.05,0.4,∞,1.56082E+12
No event,-0.43,-0.01,0.54,∞,1.56082E+12
No event,-0.26,0.1,0.87,∞,1.56082E+12
No event,-0.45,-0.19,0.79,∞,1.56082E+12
No event,-0.37,0.15,0.81,∞,1.56082E+12
No event,0.15,0.15,0.14,∞,1.56082E+12
No event,-0.02,-0.38,0.68,9.37,1.56082E+12
No event,-0.15,-0.26,0.3,∞,1.56082E+12
No event,-0.24,-0.04,0.83,∞,1.56082E+12
No event,-0.27,0,0.81,∞,1.56082E+12
No event,-0.24,-0.03,0.66,0.76,1.56082E+12
No event,-0.46,0,0.58,∞,1.56082E+12
No event,-0.49,0.01,0.38,∞,1.56082E+12
No event,-0.48,0.01,0.37,∞,1.56082E+12
No event,-0.5,0.02,0.33,∞,1.56082E+12
No event,-0.48,0.01,0.34,∞,1.56082E+12
No event,-0.48,-0.02,0.37,∞,1.56082E+12
No event,-0.47,0.02,0.56,∞,1.56082E+12
No event,-0.49,-0.01,0.5,∞,1.56082E+12
No event,-0.49,0,0.43,∞,1.56082E+12
No event,-0.45,0,0.05,∞,1.56082E+12
No event,-0.04,0.99,0.53,2.18,1.56082E+12
No event,0.28,-0.56,-0.23,∞,1.56082E+12
No event,0.03,0.01,-0.12,∞,1.56082E+12
No event,-0.27,-0.03,-0.33,∞,1.56082E+12
No event,-0.15,0.05,0.66,∞,1.56082E+12
No event,0.14,0.21,0.47,∞,1.56082E+12
No event,0.13,-0.1,0.14,2.46,1.56082E+12
No event,0.06,-0.02,-0.32,1.88,1.56082E+12
No event,-0.17,0.12,-0.15,∞,1.56082E+12
No event,-0.12,0.23,-0.17,∞,1.56082E+12
No event,0.45,-0.97,0.26,∞,1.56082E+12
No event,0.3,0.34,0.15,∞,1.56082E+12
No event,0.12,-0.03,-0.34,8.11,1.56082E+12
No event,-0.46,0.07,0.01,∞,1.56082E+12
No event,-0.36,-0.09,0.5,∞,1.56082E+12
No event,0.37,-0.18,0.04,∞,1.56082E+12
No event,-0.23,0,0.61,∞,1.56082E+12
No event,-0.31,0.01,-0.05,1.71,1.56082E+12
No event,-0.49,-0.02,-0.42,∞,1.56082E+12
No event,-0.48,-0.06,-0.37,∞,1.56082E+12
No event,-0.47,-0.01,-0.26,∞,1.56082E+12
No event,-0.39,-0.1,0.16,∞,1.56082E+12
No event,-0.47,-0.03,-0.34,∞,1.56082E+12
No event,-0.42,0.15,-0.1,∞,1.56082E+12
No event,-0.37,-0.27,0.74,∞,1.56082E+12
No event,-0.17,0,0.05,∞,1.56082E+12
No event,-0.24,0.08,0.45,8.91,1.56082E+12
No event,-0.17,-0.11,-0.04,∞,1.56082E+12
No event,-0.33,0.23,-0.02,∞,1.56082E+12
No event,-0.42,0.05,0.12,∞,1.56082E+12
Speeding,-0.59,-0.07,0.12,∞,1.56082E+12
No event,-0.28,0.01,-0.06,∞,1.56082E+12
No event,0.01,-0.18,0.27,12.23,1.56082E+12
No event,0.07,0.1,0.13,∞,1.56082E+12
No event,-0.29,-0.1,0.24,∞,1.56082E+12
No event,-0.47,0.21,0.56,10.76,1.56082E+12
No event,-0.34,-0.64,0.28,∞,1.56082E+12
No event,-0.34,0.33,0.29,∞,1.56082E+12
No event,-0.03,0.08,-0.23,11.66,1.56082E+12
No event,-0.45,0.16,0.05,∞,1.56082E+12
No event,-0.38,-0.16,0.81,14.09,1.56082E+12
No event,-0.46,-0.06,0.02,∞,1.56082E+12
No event,-0.14,-0.04,-0.21,∞,1.56082E+12
No event,-0.12,0.03,0.69,13.73,1.56082E+12
No event,0.03,0.29,0.72,∞,1.56082E+12
No event,0.44,-0.2,0.1,14,1.56082E+12
No event,0.14,0.42,0.15,∞,1.56082E+12
No event,0.28,-0.1,0.1,∞,1.56082E+12
No event,0.35,-0.17,0.38,12.73,1.56082E+12
No event,0.17,0.13,0.21,∞,1.56082E+12
No event,0.3,0.2,0,∞,1.56082E+12
No event,0.32,0.08,0.3,∞,1.56082E+12
No event,0.29,-0.12,0.12,∞,1.56082E+12
No event,0.31,0.08,0.52,12.07,1.56082E+12
No event,0.09,-0.06,0.97,∞,1.56082E+12
No event,0.32,-0.02,0.73,∞,1.56082E+12
No event,-0.01,0.36,-0.09,∞,1.56082E+12
No event,0.11,-0.01,-0.45,∞,1.56082E+12
No event,0.42,-0.61,0.17,∞,1.56082E+12
No event,0.05,0.31,-0.19,∞,1.56082E+12
No event,-0.23,-0.29,-0.28,∞,1.56082E+12
No event,0.19,-0.07,-0.25,∞,1.56082E+12
No event,-0.3,0.06,-0.16,∞,1.56082E+12
No event,-0.04,0.01,-0.08,∞,1.56082E+12
No event,0.06,0.12,-0.29,14.15,1.56082E+12
No event,0.12,-0.39,0.29,∞,1.56082E+12
No event,-0.36,0.22,0.06,14.87,1.56082E+12
No event,0.03,0.16,0.17,∞,1.56082E+12
No event,0.17,0.35,0.22,∞,1.56082E+12
No event,0.19,-0.22,0.11,∞,1.56082E+12
No event,-0.05,0.09,0.23,∞,1.56082E+12
No event,-0.08,-0.01,0.21,15.22,1.56082E+12
Speeding,-0.08,-0.01,0.21,15.22,1.56082E+12
No event,0.01,0.25,0.02,∞,1.56082E+12
No event,-0.05,0.08,0.21,∞,1.56082E+12
No event,-0.39,0.07,0.09,14.26,1.56082E+12
No event,-0.2,0.16,0.26,∞,1.56082E+12
No event,-0.1,0.17,0.38,∞,1.56082E+12
No event,0,0.48,0.55,∞,1.56082E+12
No event,-0.37,-0.09,0.75,∞,1.56082E+12
No event,-0.42,0.17,0.62,8.27,1.56082E+12
No event,-0.12,0.07,0.06,∞,1.56082E+12
No event,-0.26,0.06,-0.47,∞,1.56082E+12
No event,0.01,0.16,0.18,2.53,1.56082E+12
No event,-0.15,-0.04,-0.45,∞,1.56082E+12
No event,0.12,-0.05,-0.13,∞,1.56082E+12
No event,-0.48,-0.21,-0.36,∞,1.56082E+12
No event,-0.21,-0.13,-0.48,∞,1.56082E+12
No event,-0.44,0.06,0.48,∞,1.56082E+12
No event,-0.18,0.04,-0.28,∞,1.56082E+12
No event,-0.15,-0.03,-0.27,8.32,1.56082E+12
No event,-0.32,0.13,-0.14,∞,1.56082E+12
No event,-0.34,0.18,0.57,∞,1.56082E+12
No event,-0.42,0.26,0.99,∞,1.56082E+12
No event,-0.48,0.09,0.48,∞,1.56082E+12
No event,-0.16,0.23,-0.04,7.76,1.56082E+12
No event,-0.1,-0.6,-0.35,∞,1.56082E+12
No event,-0.45,-0.16,-0.23,5.92,1.56082E+12
No event,-0.49,0.17,-0.33,∞,1.56082E+12
No event,-0.45,-0.25,-0.33,∞,1.56082E+12
No event,-0.32,0.01,-0.33,∞,1.56082E+12
No event,-0.35,-0.29,-0.31,∞,1.56082E+12
No event,-0.42,0.01,-0.25,∞,1.56082E+12
No event,0.1,0.17,-0.45,∞,1.56082E+12
No event,0.17,0.11,-0.37,∞,1.56082E+12
No event,0.01,-0.05,-0.41,∞,1.56082E+12
No event,-0.36,-0.06,-0.24,∞,1.56082E+12
No event,-0.43,-0.01,-0.41,9.51,1.56082E+12
No event,-0.41,-0.19,-0.37,∞,1.56082E+12
No event,-0.28,0.16,-0.34,∞,1.56082E+12
No event,-0.27,0.31,-0.08,∞,1.56082E+12
No event,-0.27,-0.16,0.14,∞,1.56082E+12
No event,-0.07,-0.14,0.24,∞,1.56082E+12
No event,0.16,0.25,-0.18,∞,1.56082E+12
No event,-0.06,0.19,0.24,∞,1.56082E+12
No event,-0.12,-0.02,0.65,∞,1.56082E+12
No event,0.15,0,-0.12,10.72,1.56082E+12
No event,-0.2,0.15,-0.03,∞,1.56082E+12
No event,0.09,0,0.14,∞,1.56082E+12
No event,-0.16,-0.06,0.58,∞,1.56082E+12
No event,0.1,0.41,-0.01,∞,1.56082E+12
No event,-0.34,-0.35,0.75,9.24,1.56082E+12
No event,-0.44,0.09,0.52,∞,1.56082E+12
No event,0.03,0.3,0.07,NaN,1.56082E+12
No event,-0.23,0.14,0.53,∞,1.56082E+12
No event,-0.5,-0.14,0.55,∞,1.56082E+12
No event,-0.45,0.02,0.55,∞,1.56082E+12
No event,0.02,-0.14,0.5,∞,1.56082E+12
No event,-0.08,0.07,0.75,8.43,1.56082E+12
No event,-0.05,0.11,0.58,∞,1.56082E+12
No event,0,-0.02,0.44,∞,1.56082E+12
No event,-0.42,-0.04,-0.08,∞,1.56082E+12
No event,-0.07,-0.13,-0.16,∞,1.56082E+12
No event,-0.21,0.27,0.23,∞,1.56082E+12
No event,-0.26,0.04,0.52,∞,1.56082E+12
No event,-0.21,-0.01,-0.05,∞,1.56082E+12
No event,-0.12,0.03,-0.32,∞,1.56082E+12
No event,-0.38,0,0.07,∞,1.56082E+12
No event,-0.39,0.09,0.29,∞,1.56082E+12
No event,-0.38,0.06,0.13,∞,1.56082E+12
No event,-0.33,-0.03,-0.43,∞,1.56082E+12
No event,0.22,0.47,-0.18,∞,1.56082E+12
No event,0.01,0.04,0.33,2.48,1.56082E+12
No event,-0.08,0.17,0.27,∞,1.56082E+12
No event,-0.18,-0.22,0.48,2.84,1.56082E+12
No event,-0.26,-0.05,0.29,∞,1.56082E+12
No event,-0.2,-0.01,0.77,∞,1.56082E+12
No event,-0.18,0.08,0.7,∞,1.56082E+12
No event,-0.07,0.04,0.26,∞,1.56082E+12
No event,-0.05,0.06,-0.23,∞,1.56082E+12
No event,-0.12,0.06,-0.38,∞,1.56082E+12
No event,0.06,0.15,-0.29,1.48,1.56082E+12
No event,-0.12,0.05,0.09,∞,1.56082E+12
No event,-0.15,0.43,-0.42,∞,1.56082E+12
No event,0.34,0.09,-0.11,∞,1.56082E+12
No event,-0.12,0.05,0.25,∞,1.56082E+12
No event,-0.1,-0.03,0.97,∞,1.56082E+12
No event,-0.23,0,0.26,5.67,1.56082E+12
No event,-0.33,-0.21,0.09,∞,1.56082E+12
No event,-0.26,0.22,0.21,4.08,1.56082E+12
No event,-0.46,0.4,0.26,∞,1.56082E+12
No event,-0.09,-0.5,0.69,∞,1.56082E+12
No event,0.06,0.81,0.29,∞,1.56082E+12
No event,0.38,-0.1,0.25,∞,1.56082E+12
No event,-0.48,-0.31,0.22,∞,1.56082E+12
No event,-0.18,0.08,0.87,4.76,1.56082E+12
No event,-0.07,0.01,0.28,∞,1.56082E+12
No event,-0.06,-0.07,-0.12,3.61,1.56082E+12
No event,0.18,0.13,0.07,∞,1.56082E+12
No event,-0.17,-0.09,-0.35,5.17,1.56082E+12
No event,-0.34,0.04,-0.08,∞,1.56082E+12
No event,-0.32,-0.2,0.53,∞,1.56082E+12
No event,-0.25,0,0.72,3.89,1.56082E+12
No event,-0.03,0.03,0.97,3.21,1.56082E+12
No event,-0.1,0.28,0.92,5.93,1.56082E+12
No event,0.15,-0.04,0.86,∞,1.56082E+12
No event,0.1,0.07,0.54,∞,1.56082E+12
No event,0.07,0.04,0.02,2.48,1.56082E+12
No event,-0.12,0.07,-0.2,∞,1.56082E+12
No event,0.29,0.14,0,∞,1.56082E+12
No event,0.24,0,0.14,∞,1.56082E+12
No event,-0.19,-0.13,-0.25,∞,1.56082E+12
No event,-0.44,0.07,0.17,∞,1.56082E+12
No event,-0.13,0.07,0.85,∞,1.56082E+12
No event,-0.35,0.16,0.79,∞,1.56082E+12
No event,-0.46,-0.03,0.9,∞,1.56082E+12
No event,-0.25,-0.02,0.91,∞,1.56082E+12
No event,0.38,0.09,1,∞,1.56082E+12
No event,0.16,0,0.17,2.15,1.56082E+12
No event,-0.23,0.03,0.14,∞,1.56082E+12
No event,-0.36,0.12,0.18,1.22,1.56082E+12
No event,-0.25,0,-0.05,∞,1.56082E+12
No event,0.07,0.04,-0.12,∞,1.56082E+12
No event,0.33,0.03,0.25,0.67,1.56082E+12
No event,0.35,0.04,-0.3,∞,1.56082E+12
No event,0.2,0.02,-0.4,0.28,1.56082E+12
No event,0.08,0.04,-0.44,∞,1.56082E+12
No event,-0.08,-0.2,0.06,0.27,1.56082E+12
No event,-0.29,0.11,-0.06,0.55,1.56082E+12
No event,-0.18,0.03,-0.06,0.8,1.56082E+12
No event,-0.18,0.03,0.01,∞,1.56082E+12
No event,-0.22,0.03,0.32,0.58,1.56082E+12
No event,-0.22,0.03,0.27,∞,1.56082E+12
No event,-0.2,0.05,0.12,∞,1.56082E+12
No event,-0.21,0.01,0.38,0.4,1.56082E+12
No event,-0.22,0.04,0.13,∞,1.56082E+12
No event,-0.19,0.02,0.04,∞,1.56082E+12
No event,-0.24,0.02,-0.04,0.31,1.56082E+12
No event,-0.2,0,0.11,∞,1.56082E+12
No event,-0.11,0.03,0.19,∞,1.56082E+12
No event,-0.1,0.03,0.17,∞,1.56082E+12
No event,-0.23,0.02,-0.12,0.39,1.56082E+12
No event,-0.03,-0.07,-0.18,∞,1.56082E+12
No event,0.14,-0.01,0.11,∞,1.56082E+12
No event,0,0.05,0.18,0.25,1.56082E+12
No event,0.03,0.03,-0.05,0.11,1.56082E+12
No event,0.08,0,-0.2,∞,1.56082E+12
No event,0.04,0.03,-0.16,0.08,1.56082E+12
No event,0.17,0.05,0.08,0.18,1.56082E+12
No event,-0.09,0.02,0.39,0.39,1.56082E+12
No event,-0.23,0.02,0.17,1.03,1.56082E+12
No event,-0.2,0.01,0.45,∞,1.56082E+12
No event,-0.06,0.05,0.37,0.35,1.56082E+12
No event,-0.5,0.01,0.33,∞,1.56082E+12
No event,-0.45,0.02,0.68,0.18,1.56082E+12
No event,-0.25,0,0.32,∞,1.56082E+12
No event,-0.01,0.04,0.23,∞,1.56082E+12
No event,-0.01,0.06,0.38,0.26,1.56082E+12
No event,-0.2,0.07,0.31,∞,1.56082E+12
No event,-0.1,0.1,-0.21,∞,1.56082E+12
No event,-0.12,0.06,0.08,∞,1.56082E+12
No event,-0.12,-0.01,-0.24,∞,1.56082E+12
No event,0.12,-0.01,0.23,∞,1.56082E+12
No event,-0.34,-0.01,0.06,0.27,1.56082E+12
No event,0.24,0.08,0.14,0.41,1.56082E+12
No event,-0.35,-0.01,0.3,∞,1.56082E+12
No event,-0.39,0.07,0.57,0.99,1.56082E+12
No event,-0.49,-0.01,0.71,0.83,1.56082E+12
No event,-0.47,0.04,0.59,∞,1.56082E+12
No event,-0.25,-0.03,0.31,∞,1.56082E+12
No event,0,0.12,0.08,∞,1.56082E+12
No event,-0.18,0.02,0,∞,1.56082E+12
No event,-0.28,0.02,0.41,∞,1.56082E+12
No event,-0.11,0.05,0.3,0.86,1.56082E+12
No event,-0.21,0.06,0.37,0.37,1.56082E+12
No event,0.14,0.04,0.62,∞,1.56082E+12
No event,-0.19,-0.02,0.06,∞,1.56082E+12
No event,-0.16,0.07,-0.33,∞,1.56082E+12
No event,-0.43,0.04,-0.19,∞,1.56082E+12
No event,-0.43,0.06,-0.08,∞,1.56082E+12
No event,-0.5,0.04,-0.04,∞,1.56082E+12
No event,-0.31,-0.14,0.56,∞,1.56082E+12
No event,0.04,0.06,0.09,∞,1.56082E+12
No event,-0.07,0.11,-0.08,0.07,1.56082E+12
No event,-0.35,0.07,0.42,0.25,1.56082E+12
No event,-0.26,0.02,-0.31,∞,1.56082E+12
No event,-0.28,-0.01,0.46,∞,1.56082E+12
No event,-0.06,0.28,0.67,∞,1.56082E+12
No event,-0.29,0.14,0.23,0.85,1.56082E+12
No event,-0.21,0.18,-0.02,∞,1.56082E+12
No event,-0.21,0.11,-0.01,∞,1.56082E+12
No event,-0.03,-0.02,0.08,∞,1.56082E+12
No event,0.03,0.05,0.1,∞,1.56082E+12
No event,0.01,0,0.17,0.12,1.56082E+12
No event,-0.03,0.02,0.13,0.24,1.56082E+12
No event,-0.05,0.1,-0.11,∞,1.56082E+12
No event,0.1,0.15,0.17,0.34,1.56082E+12
No event,0.05,0.01,0.18,0.22,1.56082E+12
No event,0.09,0.1,0.63,∞,1.56082E+12
No event,0.03,-0.13,0.26,0.28,1.56082E+12
No event,0.04,0.06,0.43,∞,1.56082E+12
No event,0.07,0.03,0.43,0.72,1.56082E+12
No event,0.08,0.03,0.42,0.52,1.56082E+12
No event,0.09,0.05,0.45,∞,1.56082E+12
No event,0.06,0.04,0.41,∞,1.56082E+12
No event,0.05,0.04,0.47,∞,1.56082E+12
No event,0.15,0.03,0.55,0.25,1.56082E+12
No event,0.17,0.04,0.57,∞,1.56082E+12
No event,0.04,0.03,0.55,∞,1.56082E+12
No event,0.04,0.03,0.12,∞,1.56082E+12
No event,0.25,0.07,-0.09,0.58,1.56082E+12
No event,-0.42,-0.03,-0.38,∞,1.56082E+12
No event,-0.28,0.06,0.26,3.09,1.56082E+12
No event,0.44,0.03,0.53,∞,1.56082E+12
No event,0.36,-0.13,0.36,4.43,1.56082E+12
No event,0.42,0.11,0.05,∞,1.56082E+12
No event,0.35,-0.01,0.13,∞,1.56082E+12
No event,0.16,-0.01,0.14,∞,1.56082E+12
No event,0.39,0.68,0.03,∞,1.56082E+12
No event,-0.37,-0.73,-0.13,6.03,1.56082E+12
No event,0.27,0.5,0.23,∞,1.56082E+12
No event,-0.1,-0.08,0.37,5.19,1.56082E+12
No event,-0.28,-0.03,0.12,∞,1.56082E+12
No event,-0.13,0.39,0.08,∞,1.56082E+12
No event,-0.42,-0.1,0.24,∞,1.56082E+12
No event,-0.39,0.05,0.59,7.17,1.56082E+12
No event,-0.14,-0.09,0.45,∞,1.56082E+12
No event,-0.43,0.2,0.67,∞,1.56082E+12
No event,-0.19,-0.18,0.55,6.47,1.56082E+12
No event,0.23,0.11,0.39,7.24,1.56082E+12
No event,0.03,0.07,0.52,∞,1.56082E+12
No event,-0.35,0.11,0.16,∞,1.56082E+12
No event,-0.1,0.08,0.23,9.83,1.56082E+12
No event,-0.13,-0.3,0.28,∞,1.56082E+12
No event,-0.09,0.43,0.07,∞,1.56082E+12
No event,-0.16,-0.16,0.62,7.96,1.56082E+12
No event,-0.19,-0.11,0.52,∞,1.56082E+12
No event,0.01,-0.39,0.71,∞,1.56082E+12
No event,-0.3,0.03,0.3,8.18,1.56082E+12
No event,-0.33,0.06,0.56,8.28,1.56082E+12
No event,0.27,-0.01,0.07,∞,1.56082E+12
No event,-0.24,0.16,0,6.87,1.56082E+12
No event,0.04,0.42,0.77,∞,1.56082E+12
Turn,-1.68,0.01,1.45,4.13,1.56082E+12
No event,-0.23,0.02,-0.21,∞,1.56082E+12
No event,-0.36,-0.27,0.7,∞,1.56082E+12
No event,-0.37,0.14,0.23,9.99,1.56082E+12
No event,-0.45,0.26,0.16,∞,1.56082E+12
No event,-0.28,0.03,0.49,∞,1.56082E+12
No event,-0.35,-0.08,0.54,∞,1.56082E+12
No event,-0.36,0.15,0.78,∞,1.56082E+12
No event,-0.03,0.06,0.43,∞,1.56082E+12
No event,-0.25,0.15,0.15,∞,1.56082E+12
No event,-0.32,-0.29,0.22,7.21,1.56082E+12
No event,-0.24,-0.04,0,7.3,1.56082E+12
No event,-0.29,0.45,-0.08,∞,1.56082E+12
No event,-0.26,-0.22,0.19,∞,1.56082E+12
No event,-0.1,0.1,0.18,14.83,1.56082E+12
No event,-0.14,0.17,0.26,∞,1.56082E+12
No event,-0.17,0.27,0.26,∞,1.56082E+12
No event,-0.29,0.11,0.21,7.75,1.56082E+12
No event,-0.3,0.08,0.61,∞,1.56082E+12
No event,-0.41,-0.02,0.74,∞,1.56082E+12
No event,-0.1,0.22,0.54,∞,1.56082E+12
No event,0.16,0.43,0.13,9.43,1.56082E+12
No event,-0.31,-0.1,0.38,∞,1.56082E+12
No event,-0.11,0.04,0.76,∞,1.56082E+12
No event,-0.11,0.16,0.74,∞,1.56082E+12
No event,-0.01,-0.2,0.63,∞,1.56082E+12
No event,-0.46,-0.12,0.87,6.91,1.56082E+12
No event,-0.39,0.17,0.91,8.37,1.56082E+12
No event,-0.32,0.02,0.92,∞,1.56082E+12
No event,-0.39,0.13,0.75,6.18,1.56082E+12
No event,-0.23,-0.17,0.97,∞,1.56082E+12
No event,-0.1,0.04,0.89,4.83,1.56082E+12
No event,-0.32,0.02,0.71,∞,1.56082E+12
No event,-0.31,0.01,0.84,∞,1.56082E+12
No event,-0.23,-0.04,0.48,2.47,1.56082E+12
No event,-0.27,0.08,0.26,∞,1.56082E+12
No event,-0.21,-0.04,0.5,∞,1.56082E+12
No event,-0.16,-0.02,0.17,∞,1.56082E+12
No event,0.37,0.64,0.45,∞,1.56082E+12
No event,0.26,0.15,-0.35,∞,1.56082E+12
No event,0.26,-0.07,0.09,∞,1.56082E+12
No event,0.44,-0.01,0.59,∞,1.56082E+12
No event,0.43,0.17,0.19,∞,1.56082E+12
No event,0.17,0.38,-0.17,∞,1.56082E+12
No event,-0.19,0.05,0.48,∞,1.56082E+12
No event,-0.25,-0.1,0.36,5.12,1.56082E+12
No event,-0.33,0.21,0.36,5.45,1.56082E+12
No event,-0.42,-0.23,0.48,∞,1.56082E+12
No event,-0.27,0.18,0.5,6.01,1.56082E+12
No event,-0.44,-0.02,0.9,1.74,1.56082E+12
No event,-0.42,0.05,-0.17,∞,1.56082E+12
No event,-0.34,0.01,0.23,∞,1.56082E+12
No event,-0.38,0.06,0.06,0.99,1.56082E+12
No event,-0.29,-0.1,0.83,0.92,1.56082E+12
No event,-0.26,0.02,0.69,∞,1.56082E+12
No event,-0.37,-0.01,0.72,∞,1.56082E+12
No event,-0.38,-0.02,0.74,∞,1.56082E+12
No event,-0.34,0.01,0.75,∞,1.56082E+12
No event,-0.3,-0.02,0.61,0.4,1.56082E+12
No event,-0.28,0.02,0.74,0.4,1.56082E+12
No event,-0.27,0,0.74,∞,1.56082E+12
No event,-0.27,0,0.7,∞,1.56082E+12
No event,-0.37,-0.04,0.62,∞,1.56082E+12
No event,-0.39,-0.02,0.59,∞,1.56082E+12
No event,-0.39,0.02,0.25,∞,1.56082E+12
No event,-0.23,-0.07,-0.37,∞,1.56082E+12
No event,0.49,-0.28,0.69,∞,1.56082E+12
No event,-0.42,-0.13,0.06,∞,1.56082E+12
No event,-0.49,0.32,-0.28,∞,1.56082E+12
No event,-0.4,0.03,-0.36,∞,1.56082E+12
No event,-0.46,-0.14,0.07,∞,1.56082E+12
No event,-0.08,0.34,0.33,∞,1.56082E+12
No event,0.04,0.01,0.35,∞,1.56082E+12
No event,0,0.02,0.44,∞,1.56082E+12
No event,-0.24,0.06,0.63,5.66,1.56082E+12
No event,0,0.2,0.57,∞,1.56082E+12
No event,-0.22,0,0.65,6.24,1.56082E+12
No event,-0.05,-0.02,0.75,∞,1.56082E+12
No event,-0.18,0.01,0.68,∞,1.56082E+12
No event,0.05,0.08,0.58,∞,1.56082E+12
No event,0,0.07,0.66,∞,1.56082E+12
No event,-0.26,0.01,0.77,2.6,1.56082E+12
No event,-0.03,0.06,0.86,∞,1.56082E+12
No event,-0.07,0.07,0.59,∞,1.56082E+12
No event,0.01,0.1,0.32,∞,1.56082E+12
No event,-0.23,-0.15,-0.21,∞,1.56082E+12
No event,-0.32,0.22,-0.31,2.64,1.56082E+12
No event,-0.42,-0.11,-0.32,6.86,1.56082E+12
No event,0.09,-0.11,-0.38,∞,1.56082E+12
No event,0.25,0.31,-0.3,∞,1.56082E+12
No event,0.25,-0.03,0.31,∞,1.56082E+12
No event,0.17,0.15,0.24,∞,1.56082E+12
No event,0.16,0.02,0.03,∞,1.56082E+12
No event,0.19,0.43,-0.14,10.91,1.56082E+12
No event,-0.05,-0.14,-0.2,∞,1.56082E+12
No event,-0.03,0.08,0.06,∞,1.56082E+12
No event,-0.06,0.22,-0.12,∞,1.56082E+12
No event,0.06,-0.14,0.02,10.27,1.56082E+12
No event,-0.15,0.09,-0.07,∞,1.56082E+12
No event,-0.06,0.07,0.15,∞,1.56082E+12
No event,0.04,-0.26,-0.01,∞,1.56082E+12
No event,-0.09,0.14,0.07,∞,1.56082E+12
No event,-0.36,-0.08,0.33,∞,1.56082E+12
No event,-0.27,0.34,0.57,∞,1.56082E+12
No event,-0.3,-0.06,0.14,∞,1.56082E+12
No event,-0.31,0.05,0.37,∞,1.56082E+12
No event,-0.4,0.32,0.55,∞,1.56082E+12
No event,-0.39,0.19,0.18,13.01,1.56082E+12
No event,-0.34,-0.02,0.37,13.46,1.56082E+12
No event,-0.44,0.15,0.03,∞,1.56082E+12
No event,-0.38,0.19,0.01,∞,1.56082E+12
No event,-0.11,-0.1,0.23,∞,1.56082E+12
No event,-0.46,-0.03,-0.07,∞,1.56082E+12
No event,0.07,-0.16,0.69,∞,1.56082E+12
No event,0.06,0.03,0.76,∞,1.56082E+12
No event,0.02,0.07,-0.07,0.68,1.56082E+12
No event,0.08,0.02,0.41,0.68,1.56082E+12
No event,-0.06,0.01,-0.12,∞,1.56082E+12
No event,0.02,0.05,-0.2,∞,1.56082E+12
No event,-0.02,0.05,-0.19,∞,1.56082E+12
No event,-0.06,-0.01,-0.06,∞,1.56082E+12
No event,-0.06,0.08,0.03,2.76,1.56082E+12
No event,-0.09,0.04,0.34,∞,1.56082E+12
No event,-0.11,-0.01,-0.28,1.95,1.56082E+12
No event,-0.09,0.06,-0.46,∞,1.56082E+12
No event,-0.07,0.01,-0.16,∞,1.56082E+12
No event,-0.16,0.12,-0.25,∞,1.56082E+12
No event,-0.09,-0.02,-0.21,∞,1.56082E+12
No event,-0.01,0.14,-0.14,∞,1.56082E+12
No event,-0.1,0.06,-0.37,1.76,1.56082E+12
No event,0.06,0,-0.3,∞,1.56082E+12
No event,-0.1,-0.31,-0.48,2.6,1.56082E+12
No event,-0.24,0.05,-0.37,2.48,1.56082E+12
No event,-0.36,0.15,-0.11,∞,1.56082E+12
No event,-0.29,-0.12,0.65,2.72,1.56082E+12
No event,-0.16,0.14,-0.4,2.72,1.56082E+12
No event,-0.09,-0.1,-0.15,∞,1.56082E+12
No event,-0.25,0.18,-0.19,∞,1.56082E+12
No event,-0.09,-0.04,-0.01,3.4,1.56082E+12
No event,-0.28,0.11,-0.11,∞,1.56082E+12
No event,-0.44,0.01,0.04,3.84,1.56082E+12
No event,-0.29,-0.15,0.74,∞,1.56082E+12
No event,-0.15,0.19,0.84,∞,1.56082E+12
No event,-0.28,-0.11,0.91,∞,1.56082E+12
No event,0.04,0.11,0.7,∞,1.56082E+12
No event,-0.15,-0.01,0.03,1.92,1.56082E+12
No event,-0.11,0.05,0,1.02,1.56082E+12
No event,-0.22,0.02,0.54,∞,1.56082E+12
No event,-0.19,0,0.36,∞,1.56082E+12
No event,-0.16,0.06,-0.13,∞,1.56082E+12
No event,-0.23,0.01,0.04,∞,1.56082E+12
No event,-0.19,0.15,-0.17,0.9,1.56082E+12
No event,-0.22,-0.02,-0.34,∞,1.56082E+12
No event,-0.38,0.16,-0.3,∞,1.56082E+12
No event,-0.31,0.02,-0.07,∞,1.56082E+12
No event,-0.31,0.03,0.01,∞,1.56082E+12
No event,-0.36,0.07,-0.02,1.92,1.56082E+12
No event,-0.38,0.04,0.09,∞,1.56082E+12
No event,-0.48,0.11,-0.02,2.06,1.56082E+12
No event,-0.25,-0.07,-0.16,2.5,1.56082E+12
No event,0,0.07,-0.44,∞,1.56082E+12
No event,-0.39,0.06,-0.28,3.08,1.56082E+12
No event,-0.37,0,-0.32,∞,1.56082E+12
No event,-0.29,0.01,-0.38,3.05,1.56082E+12
No event,-0.36,-0.08,-0.06,3.41,1.56082E+12
No event,-0.3,-0.05,-0.12,∞,1.56082E+12
No event,-0.24,0.16,0.06,∞,1.56082E+12
No event,-0.23,-0.03,0.94,4.38,1.56082E+12
No event,-0.1,0.04,-0.48,∞,1.56082E+12
No event,-0.06,0.26,-0.35,∞,1.56082E+12
No event,0.02,-0.19,-0.39,2.97,1.56082E+12
No event,0.13,-0.59,-0.48,3.44,1.56082E+12
No event,0.17,0.01,-0.31,∞,1.56082E+12
No event,0.11,0.04,-0.1,∞,1.56082E+12
No event,0.1,0.04,-0.13,5.52,1.56082E+12
No event,-0.06,0.03,-0.1,5.24,1.56082E+12
No event,-0.06,0.07,-0.19,∞,1.56082E+12
No event,-0.05,0.05,-0.24,5.6,1.56082E+12
No event,-0.15,-0.05,0,∞,1.56082E+12
No event,-0.17,0.18,0.14,∞,1.56082E+12
No event,-0.11,-0.06,0.35,∞,1.56082E+12
No event,-0.23,0.15,0.38,∞,1.56082E+12
No event,-0.27,-0.12,0.34,∞,1.56082E+12
No event,-0.03,0.06,-0.24,∞,1.56082E+12
No event,-0.01,-0.13,-0.17,∞,1.56082E+12
No event,-0.26,0.12,0.34,∞,1.56082E+12
No event,-0.12,0.16,-0.04,∞,1.56082E+12
No event,-0.08,0.09,0.48,∞,1.56082E+12
No event,-0.04,-0.06,-0.34,8.63,1.56082E+12
No event,-0.15,0.13,-0.26,∞,1.56082E+12
No event,-0.08,-0.01,-0.33,5.15,1.56082E+12
No event,0.1,0.22,-0.42,∞,1.56082E+12
No event,0.11,-0.02,0.09,7.05,1.56082E+12
No event,0.18,-0.07,0.33,∞,1.56082E+12
No event,0.14,0.08,0.54,5.17,1.56082E+12
No event,0.09,0.06,0.16,∞,1.56082E+12
No event,0,0.01,0.3,∞,1.56082E+12
No event,0.13,-0.05,0.84,∞,1.56082E+12
No event,-0.1,0.07,0.97,3.06,1.56082E+12
No event,0,-0.02,0.32,∞,1.56082E+12
No event,-0.05,0.04,0.26,∞,1.56082E+12
No event,-0.05,-0.06,0.26,2.63,1.56082E+12
No event,0.02,0.05,-0.09,1.84,1.56082E+12
No event,-0.07,-0.01,-0.31,∞,1.56082E+12
No event,-0.12,0.04,0.18,∞,1.56082E+12
No event,-0.04,0.08,0.2,∞,1.56082E+12
No event,-0.04,0,0.23,∞,1.56082E+12
No event,-0.15,0.04,0.28,0.69,1.56082E+12
No event,-0.08,0.1,-0.27,0.11,1.56082E+12
No event,0.03,0.04,-0.49,0.65,1.56082E+12
No event,-0.02,0.08,-0.28,∞,1.56082E+12
No event,0.09,0,-0.11,∞,1.56082E+12
No event,0.07,0.09,-0.21,∞,1.56082E+12
No event,0.04,0.02,-0.33,∞,1.56082E+12
No event,0.02,0.08,-0.48,∞,1.56082E+12
No event,0.06,0.2,-0.46,3.52,1.56082E+12
No event,-0.23,-0.11,-0.21,∞,1.56082E+12
No event,-0.28,-0.06,0.19,4.64,1.56082E+12
No event,-0.22,-0.11,0.31,∞,1.56082E+12
No event,-0.25,0.17,0.15,4.93,1.56082E+12
No event,-0.21,0.02,-0.04,∞,1.56082E+12
No event,-0.48,0.12,-0.06,∞,1.56082E+12
No event,-0.21,0.15,-0.3,∞,1.56082E+12
No event,-0.22,0.13,0.11,4.27,1.56082E+12
No event,0.11,0.15,0.45,∞,1.56082E+12
No event,-0.29,0.27,-0.08,5.08,1.56082E+12
No event,0.39,0.25,0.58,∞,1.56082E+12
No event,-0.19,-0.12,0.83,∞,1.56082E+12
No event,0.27,0.18,0.39,∞,1.56082E+12
No event,0.26,-0.09,-0.42,∞,1.56082E+12
No event,0.15,-0.02,-0.29,∞,1.56082E+12
No event,-0.36,-0.2,-0.22,7.44,1.56082E+12
No event,-0.45,0.58,-0.36,6.59,1.56082E+12
No event,0.25,-0.25,0.7,6.66,1.56082E+12
No event,0.1,0.15,-0.19,∞,1.56082E+12
No event,0.09,-0.97,0.24,∞,1.56082E+12
No event,-0.01,0.62,-0.2,∞,1.56082E+12
No event,0.36,0.15,0.73,∞,1.56082E+12
No event,0.26,0.03,0.7,1.06,1.56082E+12
No event,0.1,0.03,0.43,∞,1.56082E+12
No event,0.11,0.03,0.38,0.49,1.56082E+12
No event,0.03,0.04,0.35,0.33,1.56082E+12
No event,-0.01,0.08,0.31,∞,1.56082E+12
No event,-0.06,0.06,0.45,∞,1.56082E+12
No event,-0.11,0.06,0.33,∞,1.56082E+12
No event,-0.12,0.03,0.14,∞,1.56082E+12
No event,-0.17,0.06,0.12,0.96,1.56082E+12
No event,-0.15,0.05,0.13,∞,1.56082E+12
No event,-0.19,0.02,0.09,∞,1.56082E+12
No event,-0.14,0.06,0.07,∞,1.56082E+12
No event,-0.21,0.04,0.07,0.19,1.56082E+12
No event,-0.18,0.04,0.09,∞,1.56082E+12
No event,-0.22,0.06,0.04,0.33,1.56082E+12
No event,-0.18,0.02,-0.12,∞,1.56082E+12
No event,0.17,0.07,0.17,∞,1.56082E+12
No event,0.09,0.11,0.38,∞,1.56082E+12
No event,0.12,-0.11,-0.34,∞,1.56082E+12
No event,0.16,0.06,-0.47,1.93,1.56082E+12
No event,0.12,0.06,-0.44,∞,1.56082E+12
No event,-0.02,0.06,-0.32,∞,1.56082E+12
No event,0.21,0.06,0.19,3.88,1.56082E+12
No event,0.29,0.02,0.18,∞,1.56082E+12
No event,0.27,0.08,-0.18,4.78,1.56082E+12
No event,0.17,0.04,-0.17,∞,1.56082E+12
No event,0.3,0.08,-0.3,∞,1.56082E+12
No event,0.17,0.17,-0.02,∞,1.56082E+12
No event,0.19,-0.11,0.33,∞,1.56082E+12
No event,0.31,0.1,0.19,6.61,1.56082E+12
No event,0.27,-0.01,0.17,∞,1.56082E+12
No event,0.21,-0.01,-0.14,∞,1.56082E+12
No event,-0.01,0.09,0.28,∞,1.56082E+12
No event,0.25,0.11,-0.12,7.82,1.56082E+12
No event,0.43,-0.22,0.22,9.29,1.56082E+12
No event,0.09,0.22,0.26,8.24,1.56082E+12
No event,0.24,-0.05,0.44,∞,1.56082E+12
No event,0.1,0.22,0.36,∞,1.56082E+12
No event,0.14,0.26,0.39,8.79,1.56082E+12
No event,0.39,-0.04,0.82,∞,1.56082E+12
No event,-0.03,-0.04,0.98,11.84,1.56082E+12
No event,0.4,-0.03,0.94,∞,1.56082E+12
No event,0.22,0.15,0.31,∞,1.56082E+12
No event,0.23,0.13,0.4,∞,1.56082E+12
No event,0.17,0.17,0.44,∞,1.56082E+12
No event,0.25,0.05,-0.03,∞,1.56082E+12
No event,0.24,-0.03,-0.1,8.32,1.56082E+12
No event,-0.01,0.16,-0.14,∞,1.56082E+12
No event,0.1,0.25,-0.28,5.86,1.56082E+12
No event,0.23,-0.26,-0.14,∞,1.56082E+12
No event,0.17,0.13,0.01,∞,1.56082E+12
No event,0.24,-0.1,0.03,∞,1.56082E+12
No event,-0.02,0.09,-0.43,8.8,1.56082E+12
No event,0.06,-0.1,-0.42,∞,1.56082E+12
No event,-0.14,-0.02,-0.27,∞,1.56082E+12
No event,0.12,-0.14,-0.33,∞,1.56082E+12
No event,-0.05,-0.05,-0.22,∞,1.56082E+12
No event,0.25,-0.03,-0.18,∞,1.56082E+12
No event,-0.26,0.21,0.01,9.5,1.56082E+12
No event,-0.24,0.25,0.1,∞,1.56082E+12
No event,0.29,-0.25,0.19,10.48,1.56082E+12
No event,0.27,0.07,0.02,∞,1.56082E+12
No event,0.07,-0.14,-0.01,8.77,1.56082E+12
No event,-0.48,0.19,0.46,∞,1.56082E+12
No event,0.31,-0.04,-0.18,∞,1.56082E+12
No event,-0.18,0.05,-0.37,∞,1.56082E+12
No event,-0.43,-0.07,0.24,11.15,1.56082E+12
No event,-0.2,0.18,0.29,∞,1.56082E+12
No event,-0.04,-0.14,0.25,∞,1.56082E+12
No event,-0.29,0.04,0.6,∞,1.56082E+12
No event,-0.23,0.16,-0.26,∞,1.56082E+12
No event,0.29,-0.48,-0.23,3.65,1.56082E+12
No event,-0.15,0.17,0.04,∞,1.56082E+12
Acceleration,-0.15,0.17,0.04,∞,1.56082E+12
No event,-0.1,-0.09,0.26,∞,1.56082E+12
No event,0.14,0.23,-0.43,5.24,1.56082E+12
No event,0.19,0.07,-0.03,∞,1.56082E+12
No event,-0.05,-0.06,0.3,5.96,1.56082E+12
No event,-0.28,0.19,0.66,∞,1.56082E+12
No event,-0.31,0.38,0.05,∞,1.56082E+12
No event,-0.18,0.18,0.74,∞,1.56082E+12
No event,0.04,0.02,-0.43,2.52,1.56082E+12
No event,0.1,0.28,-0.47,∞,1.56082E+12
No event,0.08,-0.05,-0.35,∞,1.56082E+12
No event,0.18,0.11,-0.37,∞,1.56082E+12
No event,0.19,0.08,-0.37,5.56,1.56082E+12
No event,0.07,0.06,-0.43,∞,1.56082E+12
No event,0.23,0.02,-0.24,∞,1.56082E+12
No event,0.11,-0.03,-0.17,∞,1.56082E+12
No event,-0.23,-0.04,0.13,∞,1.56082E+12
No event,-0.05,0.34,0.06,∞,1.56082E+12
No event,-0.37,-0.02,0.03,∞,1.56082E+12
No event,0.01,0.16,0.12,∞,1.56082E+12
No event,-0.01,-0.17,0.05,∞,1.56082E+12
No event,-0.06,0.17,0.09,∞,1.56082E+12
No event,-0.3,0.15,-0.08,∞,1.56082E+12
No event,-0.29,0.09,0.4,∞,1.56082E+12
No event,-0.33,-0.06,0.28,∞,1.56082E+12
No event,-0.27,0.05,0.13,10.71,1.56082E+12
No event,-0.34,0.23,0.19,∞,1.56082E+12
No event,0.33,0.03,0.19,∞,1.56082E+12
No event,0.26,-0.32,0.3,∞,1.56082E+12
No event,0.12,0.43,-0.45,∞,1.56082E+12
No event,-0.14,-0.12,0.16,7.41,1.56082E+12
No event,0.13,0.07,-0.5,∞,1.56082E+12
No event,-0.42,0.22,0.04,∞,1.56082E+12
No event,0.28,0.04,-0.44,∞,1.56082E+12
No event,0.03,0.06,0.59,∞,1.56082E+12
No event,-0.44,-0.49,0.94,∞,1.56082E+12
No event,-0.3,0.27,0.14,∞,1.56082E+12
No event,0.21,0.33,0.88,4.86,1.56082E+12
No event,-0.5,-0.54,0.48,∞,1.56082E+12
No event,0.36,-0.4,-0.12,∞,1.56082E+12
No event,0.47,0.1,-0.32,7.35,1.56082E+12
No event,0.31,0.08,0.15,∞,1.56082E+12
No event,0.35,0.05,0.07,∞,1.56082E+12
No event,0.35,0.06,0.03,0.68,1.56082E+12
No event,0.35,0.06,0.03,∞,1.56082E+12
No event,0.18,0,-0.05,∞,1.56082E+12
No event,0.1,0.05,-0.28,∞,1.56082E+12
No event,0.19,0.01,-0.24,∞,1.56082E+12
No event,0.14,0.03,-0.26,∞,1.56082E+12
No event,0.21,0.2,-0.39,∞,1.56082E+12
No event,0.18,-0.05,0.22,∞,1.56082E+12
No event,0.18,0.01,0.13,7.67,1.56082E+12
No event,0.31,-0.21,-0.3,∞,1.56082E+12
No event,0.33,0.2,-0.34,∞,1.56082E+12
No event,0.2,-0.2,-0.22,11.27,1.56082E+12
No event,0.11,0.01,-0.5,∞,1.56082E+12
No event,0.25,-0.31,-0.03,∞,1.56082E+12
No event,-0.15,0.16,-0.31,∞,1.56082E+12
No event,-0.36,-0.05,0.23,∞,1.56082E+12
No event,-0.35,0.09,0.09,∞,1.56082E+12
No event,-0.31,0.16,-0.35,∞,1.56082E+12
No event,-0.07,0.08,-0.27,∞,1.56082E+12
No event,0.17,-0.19,-0.31,∞,1.56082E+12
No event,0.13,0.7,-0.27,13.37,1.56082E+12
No event,0.06,0.04,-0.02,∞,1.56082E+12
No event,0.08,-0.05,0.09,∞,1.56082E+12
No event,0.04,0.01,-0.16,∞,1.56082E+12
No event,0.22,0.12,0.28,∞,1.56082E+12
No event,0.01,0.16,0.37,∞,1.56082E+12
No event,-0.25,0.22,0.77,∞,1.56082E+12
Turn,1.08,0.28,0.59,∞,1.56082E+12
Turn,4.3,0.1,-1.1,10.28,1.56082E+12
No event,0.13,0.03,-0.49,∞,1.56082E+12
No event,-0.24,0.35,-0.28,∞,1.56082E+12
No event,0.11,0.2,0.52,13.02,1.56082E+12
No event,0.21,0.49,0.85,∞,1.56082E+12
No event,-0.32,0.05,-0.46,7.06,1.56082E+12
No event,0.08,0.01,-0.22,∞,1.56082E+12
No event,-0.04,0.14,-0.32,∞,1.56082E+12
No event,-0.1,-0.06,-0.26,11.65,1.56082E+12
No event,0.01,-0.07,-0.34,∞,1.56082E+12
No event,-0.24,-0.1,-0.16,10.26,1.56082E+12
No event,0.19,0.13,0.04,∞,1.56082E+12
No event,0.18,0.03,-0.26,∞,1.56082E+12
No event,0.23,0.4,-0.11,∞,1.56082E+12
No event,0.29,0.13,-0.04,∞,1.56082E+12
No event,-0.28,-0.12,-0.02,11.22,1.56082E+12
No event,0.14,0.13,-0.19,11.93,1.56082E+12
No event,-0.03,0.16,-0.2,∞,1.56082E+12
No event,-0.26,-0.33,0.47,∞,1.56082E+12
No event,-0.1,0.24,0.51,∞,1.56082E+12
No event,-0.03,0.17,0.97,∞,1.56082E+12
No event,0.03,0.32,0.02,1.73,1.56082E+12
No event,0.23,-0.8,0.22,5.76,1.56082E+12
No event,0.19,1.11,0.77,∞,1.56082E+12
No event,0.09,0.18,0.01,2.18,1.56082E+12
No event,0.18,0.03,-0.39,∞,1.56082E+12
No event,-0.11,-0.28,0.03,∞,1.56082E+12
No event,0.39,0.42,-0.05,8.4,1.56082E+12
No event,0.48,0.02,-0.5,∞,1.56082E+12
No event,-0.15,-0.06,-0.4,∞,1.56082E+12
No event,-0.17,-0.34,-0.18,13.19,1.56082E+12
No event,0.18,0.74,-0.24,∞,1.56082E+12
No event,-0.19,0.08,-0.16,∞,1.56082E+12
No event,0.24,-0.01,0.35,14.91,1.56082E+12
No event,0.17,0.17,0.02,∞,1.56082E+12
No event,-0.11,0.35,-0.29,∞,1.56082E+12
No event,0.3,-0.12,-0.21,14.82,1.56082E+12
No event,-0.31,0.1,0.26,∞,1.56082E+12
No event,0.28,0.12,0.08,∞,1.56082E+12
No event,-0.2,-0.2,-0.04,∞,1.56082E+12
No event,0.05,0.47,0.13,∞,1.56082E+12
No event,0.3,-0.33,0.19,15.73,1.56082E+12
No event,-0.12,-0.01,0.03,14.72,1.56082E+12
No event,-0.39,0.06,-0.15,∞,1.56082E+12
No event,-0.45,-0.13,-0.04,∞,1.56082E+12
No event,-0.34,-0.56,0.17,15.04,1.56082E+12
No event,0.31,0.28,-0.04,∞,1.56082E+12
No event,0.47,0.16,-0.47,∞,1.56082E+12
No event,0.39,-0.31,-0.13,∞,1.56082E+12
No event,0.06,0.3,-0.11,∞,1.56082E+12
No event,0.23,0.19,-0.2,∞,1.56082E+12
No event,0.48,-0.08,-0.24,∞,1.56082E+12
Brake,0.38,0.12,1.81,∞,1.56082E+12
No event,-0.07,0.29,0.95,∞,1.56082E+12
No event,-0.09,0.23,0.64,2.75,1.56082E+12
No event,-0.27,-0.05,0.49,∞,1.56082E+12
No event,-0.46,0,0.62,∞,1.56082E+12
No event,-0.33,0.09,-0.1,0.41,1.56082E+12
No event,-0.39,-0.01,-0.26,∞,1.56082E+12
No event,-0.3,-0.05,-0.07,∞,1.56082E+12
No event,-0.4,0.06,-0.1,∞,1.56082E+12
No event,-0.49,0.02,-0.11,0.67,1.56082E+12
No event,-0.29,-0.03,-0.08,∞,1.56082E+12
No event,-0.46,0.02,-0.14,∞,1.56082E+12
No event,-0.43,0.05,0.09,∞,1.56082E+12
No event,-0.42,0.03,-0.1,0.66,1.56082E+12
No event,NaN,NaN,NaN,0.66,1.56082E+12
No event,-0.24,3.08,0.13,0.92,1.56082E+12
No event,-0.33,0.03,-0.44,∞,1.56082E+12
No event,0.4,0.09,0.09,∞,1.56082E+12
No event,-0.44,-0.02,-0.43,1.88,1.56082E+12
No event,0.42,0.07,0.49,1.88,1.56082E+12
No event,-0.15,0.27,-0.16,∞,1.56082E+12
No event,0.46,0.08,0.7,∞,1.56082E+12
No event,-0.26,-0.03,0.28,∞,1.56082E+12
No event,-0.16,-0.01,0.17,∞,1.56082E+12
No event,0.47,-0.11,0.03,2.21,1.56082E+12
No event,NaN,NaN,NaN,2.21,1.56082E+12
No event,0.3,0.04,-0.48,∞,1.56082E+12
No event,0.03,-0.2,-0.1,∞,1.56082E+12
No event,-0.48,0.47,0.67,∞,1.56082E+12
No event,-0.29,0.33,-0.27,7.29,1.56082E+12
No event,NaN,NaN,NaN,∞,1.56082E+12
No event,NaN,NaN,NaN,9.04,1.56082E+12
No event,0.3,-0.79,0.91,7.44,1.56082E+12
No event,NaN,NaN,NaN,7.58,1.56082E+12
No event,0.07,-0.36,0.94,∞,1.56082E+12
No event,-0.27,-0.12,0.59,∞,1.56082E+12
No event,NaN,NaN,NaN,∞,1.56082E+12
No event,-0.26,-0.43,0.72,∞,1.56082E+12
No event,-0.08,0.06,0.78,5.79,1.56082E+12
No event,-0.31,-0.58,0.77,5.79,1.56082E+12
No event,0.28,-0.48,0.88,5.79,1.56082E+12
No event,0.22,0.52,-0.4,∞,1.56082E+12
No event,0.16,-0.01,0.56,∞,1.56082E+12
No event,-0.25,-0.02,0.04,∞,1.56082E+12
No event,0.5,-0.03,0.61,∞,1.56082E+12
No event,-0.26,-0.07,-0.09,∞,1.56082E+12
No event,0.07,0.05,0.09,0.32,1.56082E+12
No event,-0.41,-0.03,0.72,0.32,1.56082E+12
No event,-0.29,0.05,0.65,1.06,1.56082E+12
No event,-0.24,0.06,0.58,0.67,1.56082E+12
No event,0.05,0.12,0.34,0.58,1.56082E+12
No event,-0.06,0.05,0.73,∞,1.56082E+12
No event,-0.03,0.02,0.81,∞,1.56082E+12
No event,-0.01,-0.02,0.7,∞,1.56082E+12
No event,-0.08,0.05,0.72,∞,1.56082E+12
No event,-0.08,0.07,0.52,∞,1.56082E+12
No event,-0.12,0.04,0.44,∞,1.56082E+12
No event,NaN,NaN,NaN,∞,1.56082E+12
No event,0.14,-0.11,0.25,0.26,1.56082E+12
No event,-0.18,-0.18,0.85,0.26,1.56082E+12
No event,-0.11,9.7,-0.02,0.26,1.56082E+12
No event,-0.25,0.07,0.06,∞,1.56082E+12
No event,0.42,0.08,0.8,∞,1.56082E+12
No event,-0.39,0.14,-0.01,∞,1.56082E+12
No event,-0.29,0.03,-0.03,∞,1.56082E+12
No event,0.42,0.03,0.69,∞,1.56082E+12
No event,-0.46,0.12,-0.21,∞,1.56082E+12
No event,-0.41,0.03,-0.19,0.23,1.56082E+12
No event,0.31,0.04,0.5,0.23,1.56082E+12
No event,-0.43,0.04,-0.28,0.28,1.56082E+12
No event,0.28,0.03,0.43,0.28,1.56082E+12
No event,-0.43,0.01,-0.29,0.65,1.56082E+12
No event,0.28,0.04,0.43,0.65,1.56082E+12
No event,-0.46,0.04,-0.36,∞,1.56082E+12
No event,0.26,0.03,0.39,∞,1.56082E+12
No event,-0.47,0.03,-0.33,∞,1.56082E+12
No event,0.26,0.04,0.43,∞,1.56082E+12
No event,-0.47,0.03,-0.3,∞,1.56082E+12
No event,0.25,0.06,0.49,∞,1.56082E+12
No event,-0.46,0.03,-0.15,∞,1.56082E+12
No event,0.24,0.03,0.55,∞,1.56082E+12
No event,-0.49,0.03,-0.16,∞,1.56082E+12
No event,0.24,0.06,0.61,∞,1.56082E+12
No event,-0.48,0.02,-0.26,0.73,1.56082E+12
No event,0.22,0.04,0.36,0.73,1.56082E+12
No event,0.2,0.05,-0.36,∞,1.56082E+12
No event,0.21,-0.03,-0.4,∞,1.56082E+12
No event,0.33,0.05,-0.2,2.24,1.56082E+12
No event,0.23,0.03,-0.25,∞,1.56082E+12
No event,0.12,-0.01,-0.32,∞,1.56082E+12
No event,0.09,0.33,-0.31,∞,1.56082E+12
No event,0.22,-0.16,0.24,4.96,1.56082E+12
No event,0.2,0.05,0.52,5.29,1.56082E+12
No event,0.34,-0.14,-0.16,∞,1.56082E+12
No event,0.25,0.11,-0.09,∞,1.56082E+12
No event,0.25,-0.13,0.15,∞,1.56082E+12
No event,-0.34,-0.43,-0.42,7.03,1.56082E+12
No event,-0.21,0.04,-0.5,7.03,1.56082E+12
No event,-0.15,0.15,0.12,∞,1.56082E+12
No event,0.32,0.21,0.96,∞,1.56082E+12
No event,-0.25,0.15,-0.14,∞,1.56082E+12
No event,-0.18,0.19,-0.12,∞,1.56082E+12
No event,0.06,0.06,-0.15,∞,1.56082E+12
No event,-0.31,-0.08,0.44,∞,1.56082E+12
No event,-0.07,0.34,-0.22,∞,1.56082E+12
No event,-0.34,0.2,0.29,∞,1.56082E+12
No event,0.25,0.22,0.99,4.98,1.56082E+12
No event,-0.02,-0.01,0.39,∞,1.56082E+12
No event,-0.39,0.05,0.99,∞,1.56082E+12
No event,-0.17,0.15,0.36,∞,1.56082E+12
No event,0.24,0.07,-0.04,∞,1.56082E+12
No event,-0.26,-0.15,0.63,∞,1.56082E+12
No event,0.13,0.05,-0.22,∞,1.56082E+12
No event,-0.01,-0.01,0.31,∞,1.56082E+12
No event,0,0.1,0.37,∞,1.56082E+12
No event,-0.04,0.06,0.46,∞,1.56082E+12
No event,-0.27,0.22,0.34,∞,1.56082E+12
No event,-0.01,0.07,0.15,∞,1.56082E+12
No event,-0.29,0,0.71,∞,1.56082E+12
No event,-0.05,0.05,-0.06,∞,1.56082E+12
No event,-0.21,0.02,0.11,3.66,1.56082E+12
No event,0.29,0,0.68,3.66,1.56082E+12
No event,-0.46,0.02,-0.27,3.66,1.56082E+12
No event,-0.24,0.1,-0.4,∞,1.56082E+12
No event,-0.44,-0.06,0.45,∞,1.56082E+12
No event,-0.4,0.4,-0.18,∞,1.56082E+12
No event,-0.26,0.06,0.14,∞,1.56082E+12
No event,-0.18,0.2,-0.18,∞,1.56082E+12
No event,-0.27,0.09,-0.07,∞,1.56082E+12
No event,0.5,0.03,0.68,∞,1.56082E+12
No event,-0.36,0.11,-0.12,∞,1.56082E+12
No event,-0.17,0.01,0.17,3.71,1.56082E+12
No event,-0.33,0.14,0.12,3.71,1.56082E+12
No event,-0.14,0.04,0.27,∞,1.56082E+12
No event,-0.21,0.1,0.24,∞,1.56082E+12
No event,-0.21,0.05,0.33,∞,1.56082E+12
No event,-0.33,0.19,0.45,∞,1.56082E+12
No event,-0.21,0.1,0.86,∞,1.56082E+12
No event,-0.3,0.16,0.72,∞,1.56082E+12
No event,-0.19,0.02,0.44,0.89,1.56082E+12
No event,-0.32,0.12,0.05,0.89,1.56082E+12
No event,-0.16,-0.03,0.06,∞,1.56082E+12
No event,-0.28,0.06,0.07,∞,1.56082E+12
No event,-0.25,0.05,0.16,∞,1.56082E+12
No event,0.48,0.07,0.63,∞,1.56082E+12
No event,-0.35,0.13,-0.23,∞,1.56082E+12
No event,-0.42,0.13,-0.23,∞,1.56082E+12
No event,-0.12,0.1,-0.37,∞,1.56082E+12
No event,-0.28,0.14,-0.31,∞,1.56082E+12
No event,-0.22,-0.15,-0.25,4.59,1.56082E+12
No event,0.48,0.01,0.45,4.59,1.56082E+12
No event,0.49,-0.01,0.18,∞,1.56082E+12
No event,-0.33,0,0.01,4.15,1.56082E+12
No event,0.39,0.1,0.79,4.15,1.56082E+12
No event,-0.43,0.23,-0.02,4.15,1.56082E+12
No event,-0.31,0.15,0.01,∞,1.56082E+12
No event,-0.31,0.23,-0.16,∞,1.56082E+12
No event,-0.05,0.12,-0.46,∞,1.56082E+12
No event,-0.45,0.02,0.07,∞,1.56082E+12
No event,-0.21,0,-0.1,∞,1.56082E+12
No event,0.45,0.04,0.84,∞,1.56082E+12
No event,-0.37,0.02,0.14,∞,1.56082E+12
No event,-0.36,0.03,-0.16,∞,1.56082E+12
No event,0.41,0.06,0.33,∞,1.56082E+12
No event,0.45,0.07,0.1,2.98,1.56082E+12
No event,0.3,-0.08,-0.12,∞,1.56082E+12
No event,-0.47,-0.01,0.33,∞,1.56082E+12
No event,0.41,0.15,0.57,∞,1.56082E+12
No event,-0.46,0.2,-0.22,∞,1.56082E+12
No event,-0.43,-0.21,0.49,∞,1.56082E+12
No event,0.14,0.03,0.38,2.09,1.56082E+12
No event,0.2,0.04,-0.12,∞,1.56082E+12
No event,0.3,-0.36,0.8,2.14,1.56082E+12
No event,-0.45,-0.19,-0.26,2.14,1.56082E+12
No event,-0.06,-0.72,-0.31,∞,1.56082E+12
No event,-0.42,0.33,-0.49,∞,1.56082E+12
No event,0.43,-0.2,-0.18,8.82,1.56082E+12
No event,0.37,0.2,-0.4,5.1,1.56082E+12
Acceleration,-0.46,0.38,-1.16,∞,1.56082E+12
No event,0.35,-0.16,-0.26,∞,1.56082E+12
No event,0.45,0.1,-0.29,∞,1.56082E+12
No event,0.42,0.22,-0.14,7.41,1.56082E+12
No event,0.28,-0.15,0.69,∞,1.56082E+12
No event,-0.09,-0.05,0.47,∞,1.56082E+12
No event,0.49,-0.15,-0.35,∞,1.56082E+12
No event,0.04,0.11,-0.13,9.47,1.56082E+12
No event,-0.27,-0.04,-0.13,∞,1.56082E+12
No event,-0.42,0,-0.27,11.1,1.56082E+12
No event,-0.46,0,-0.03,∞,1.56082E+12
No event,-0.28,-0.05,-0.17,∞,1.56082E+12
No event,-0.36,0.02,0.02,10.14,1.56082E+12
No event,0.07,0.14,-0.12,10.12,1.56082E+12
No event,-0.29,-0.04,0.27,10.12,1.56082E+12
No event,-0.03,0.13,-0.29,10.12,1.56082E+12
No event,0.19,0.14,0.35,∞,1.56082E+12
No event,-0.45,0.26,0,∞,1.56082E+12
No event,-0.09,0.22,-0.47,∞,1.56082E+12
No event,-0.15,-0.12,-0.11,∞,1.56082E+12
No event,-0.21,0.13,-0.38,∞,1.56082E+12
No event,0.34,0.11,-0.38,11.19,1.56082E+12
No event,-0.15,0.01,0.25,11.19,1.56082E+12
No event,0.23,0.24,-0.38,11.19,1.56082E+12
No event,0.24,0.13,-0.21,10.43,1.56082E+12
No event,-0.07,-0.04,0.53,10.43,1.56082E+12
No event,0.12,0.14,-0.39,10.43,1.56082E+12
No event,0.15,0.05,-0.39,10.22,1.56082E+12
No event,-0.17,0.04,0.15,10.22,1.56082E+12
No event,0.33,-0.17,-0.45,7.07,1.56082E+12
No event,-0.21,-0.32,0.25,7.07,1.56082E+12
No event,0.08,-0.04,-0.48,7.07,1.56082E+12
No event,0,0.03,-0.48,∞,1.56082E+12
No event,-0.3,-0.12,0.09,∞,1.56082E+12
No event,0.12,0.05,-0.49,∞,1.56082E+12
No event,-0.33,-0.02,0.18,∞,1.56082E+12
No event,-0.17,-0.03,-0.47,∞,1.56082E+12
No event,0.38,-0.06,0.16,∞,1.56082E+12
No event,-0.45,0.05,-0.11,∞,1.56082E+12
No event,-0.32,-0.03,-0.07,8.76,1.56082E+12
No event,0.2,0.07,-0.5,∞,1.56082E+12
No event,-0.2,-0.15,0.25,∞,1.56082E+12
No event,-0.19,0,-0.38,∞,1.56082E+12
No event,-0.31,0.12,-0.4,∞,1.56082E+12
No event,-0.33,-0.01,0,∞,1.56082E+12
No event,-0.19,-0.19,-0.43,∞,1.56082E+12
No event,-0.45,-0.1,0.1,∞,1.56082E+12
No event,0.19,0.12,-0.35,∞,1.56082E+12
No event,-0.35,0.1,-0.08,∞,1.56082E+12
No event,-0.22,0.12,-0.05,∞,1.56082E+12
No event,0.36,0.01,0.14,∞,1.56082E+12
No event,-0.39,-0.06,-0.02,∞,1.56082E+12
No event,0.2,-0.14,0.49,∞,1.56082E+12
No event,0.09,0.09,0.01,14.28,1.56082E+12
No event,-0.35,0.09,0.68,14.28,1.56082E+12
No event,-0.05,0.35,-0.03,14.28,1.56082E+12
No event,0.1,0.08,0.3,∞,1.56082E+12
No event,0,0.07,0.26,∞,1.56082E+12
No event,-0.32,-0.03,0.47,13.69,1.56082E+12
No event,-0.32,0.1,0.3,13.69,1.56082E+12
No event,0.05,-0.03,0.09,10.3,1.56082E+12
No event,-0.27,-0.09,0.77,10.3,1.56082E+12
No event,-0.13,0.07,-0.03,10.3,1.56082E+12
No event,0.11,-0.05,-0.14,∞,1.56082E+12
No event,-0.41,-0.11,0.46,∞,1.56082E+12
No event,-0.13,0,-0.34,∞,1.56082E+12
No event,0,-0.01,-0.39,∞,1.56082E+12
No event,-0.38,0,0.15,∞,1.56082E+12
No event,-0.14,-0.08,-0.3,∞,1.56082E+12
No event,0.43,0.16,0.5,∞,1.56082E+12
No event,-0.41,0.19,-0.33,∞,1.56082E+12
No event,-0.14,0.35,-0.4,10.87,1.56082E+12
No event,-0.19,0.21,-0.47,10.87,1.56082E+12
No event,-0.03,0.13,-0.38,∞,1.56082E+12
No event,-0.29,-0.05,0.24,∞,1.56082E+12
No event,0.01,0.2,-0.37,∞,1.56082E+12
No event,0.13,0.13,-0.12,∞,1.56082E+12
No event,-0.26,-0.05,0.69,∞,1.56082E+12
No event,0.04,0.24,-0.24,∞,1.56082E+12
No event,0.2,-0.2,-0.28,∞,1.56082E+12
No event,-0.22,0.09,0.3,∞,1.56082E+12
No event,0.06,0.07,-0.33,∞,1.56082E+12
No event,-0.11,0.25,-0.09,9.42,1.56082E+12
No event,0.44,0.07,0.74,9.42,1.56082E+12
No event,-0.38,0.24,0.04,9.42,1.56082E+12
No event,-0.08,0.07,0.5,6.43,1.56082E+12
No event,-0.02,0.11,0.47,6.43,1.56082E+12
No event,0.08,-0.12,0.34,8.12,1.56082E+12
No event,-0.35,-0.16,0.77,8.12,1.56082E+12
No event,-0.21,-0.12,-0.09,8.12,1.56082E+12
No event,0.02,-0.03,0.48,∞,1.56082E+12
No event,0.22,0.07,0.82,∞,1.56082E+12
No event,-0.38,-0.09,0.28,∞,1.56082E+12
No event,0.33,0.13,0.75,∞,1.56082E+12
No event,0.28,0.08,0.15,∞,1.56082E+12
No event,-0.21,-0.16,-0.39,∞,1.56082E+12
No event,0.47,-0.07,0.58,∞,1.56082E+12
No event,-0.34,-0.11,-0.28,∞,1.56082E+12
No event,-0.36,0.07,-0.26,∞,1.56082E+12
No event,0.14,-0.27,0.77,∞,1.56082E+12
No event,0.14,0.28,0.58,∞,1.56082E+12
No event,0.12,0,0.31,4.88,1.56082E+12
No event,-0.03,0.14,0.3,∞,1.56082E+12
No event,0.14,-0.03,0.15,∞,1.56082E+12
No event,-0.34,-0.01,0.04,4.49,1.56082E+12
No event,-0.02,0,-0.22,7.03,1.56082E+12
No event,-0.42,-0.07,0.46,7.03,1.56082E+12
No event,-0.14,0.08,-0.26,7.03,1.56082E+12
No event,-0.01,0.02,0.07,7.29,1.56082E+12
No event,0.12,0.35,0.09,7.29,1.56082E+12
No event,-0.2,0.29,0.69,5.82,1.56082E+12
No event,0.26,-0.74,0.32,5.82,1.56082E+12
No event,-0.13,-1.1,-0.04,5.69,1.56082E+12
No event,0,-0.05,-0.48,∞,1.56082E+12
No event,-0.3,-0.02,-0.26,∞,1.56082E+12
No event,-0.43,-0.1,-0.28,∞,1.56082E+12
No event,-0.47,-0.01,-0.41,∞,1.56082E+12
No event,-0.07,0.14,-0.36,∞,1.56082E+12
No event,-0.43,0.04,0.5,∞,1.56082E+12
No event,-0.23,0.35,-0.05,∞,1.56082E+12
No event,-0.18,0.29,0.05,∞,1.56082E+12
No event,-0.16,-0.04,-0.3,∞,1.56082E+12
No event,-0.17,-0.15,-0.38,∞,1.56082E+12
No event,-0.31,0.2,-0.42,∞,1.56082E+12
No event,0.46,0.12,0.26,∞,1.56082E+12
No event,-0.12,0.02,-0.24,∞,1.56082E+12
No event,-0.36,-0.1,0.52,∞,1.56082E+12
No event,-0.26,0.07,-0.19,∞,1.56082E+12
No event,-0.35,0.01,-0.06,∞,1.56082E+12
No event,0.28,0.07,0.64,∞,1.56082E+12
No event,0.23,0.05,0,∞,1.56082E+12
No event,0.46,0.23,0.06,7.28,1.56082E+12
No event,-0.42,-0.08,0,∞,1.56082E+12
No event,-0.38,-0.09,-0.23,∞,1.56082E+12
No event,-0.11,-0.08,0.15,∞,1.56082E+12
No event,-0.04,-0.01,0.07,∞,1.56082E+12
No event,-0.26,0.05,-0.12,∞,1.56082E+12
No event,-0.4,0.13,-0.45,∞,1.56082E+12
No event,0.32,0.31,0.24,∞,1.56082E+12
No event,-0.15,0.2,-0.15,∞,1.56082E+12
No event,-0.05,0.14,-0.33,∞,1.56082E+12
No event,0.27,-0.02,-0.29,∞,1.56082E+12
No event,-0.06,-0.1,0.63,∞,1.56082E+12
No event,0.11,0.13,-0.15,∞,1.56082E+12
No event,0.01,0.07,-0.09,8.78,1.56082E+12
No event,-0.32,0.17,0.43,8.78,1.56082E+12
No event,0.06,0.1,-0.25,8.78,1.56082E+12
No event,0.4,0.05,0.04,∞,1.56082E+12
No event,-0.05,-0.02,0.73,∞,1.56082E+12
No event,0.12,0.24,0.06,∞,1.56082E+12
No event,0.33,0.19,0.15,∞,1.56082E+12
No event,-0.03,0.06,0.87,∞,1.56082E+12
No event,0.33,0.28,0.04,∞,1.56082E+12
No event,0.07,0.05,0.33,9.58,1.56082E+12
No event,-0.38,0.13,0.78,9.58,1.56082E+12
No event,-0.26,0.23,0.24,9.58,1.56082E+12
No event,-0.24,0.04,0.25,∞,1.56082E+12
No event,-0.39,0.31,0.31,∞,1.56082E+12
No event,-0.02,-0.2,0.68,9.47,1.56082E+12
No event,0.01,-0.19,0.51,9.47,1.56082E+12
No event,0.01,0.22,0.31,∞,1.56082E+12
No event,-0.41,0.17,0.81,∞,1.56082E+12
No event,-0.17,0.17,0.05,∞,1.56082E+12
No event,0.2,0.19,0.68,11.19,1.56082E+12
No event,0.28,0.24,0.95,11.19,1.56082E+12
No event,-0.07,1.71,0.02,∞,1.56082E+12
No event,-0.33,0.41,-0.26,∞,1.56082E+12
No event,0.29,0.76,0.52,∞,1.56082E+12
No event,-0.12,-0.35,-0.2,∞,1.56082E+12
No event,-0.44,-0.04,0.35,∞,1.56082E+12
No event,-0.07,0.09,-0.45,∞,1.56082E+12
No event,-0.37,-0.01,0.38,∞,1.56082E+12
No event,-0.29,-0.02,-0.14,∞,1.56082E+12
No event,-0.02,-0.16,-0.32,8.42,1.56082E+12
No event,-0.33,-0.19,0.13,8.42,1.56082E+12
No event,-0.41,0.02,-0.48,8.22,1.56082E+12
No event,0.37,0.07,0.16,8.38,1.56082E+12
No event,-0.06,0.21,-0.01,8.16,1.56082E+12
No event,-0.36,-0.04,0.68,8.16,1.56082E+12
No event,-0.01,0.17,-0.31,8.16,1.56082E+12
No event,-0.44,0.16,0.11,∞,1.56082E+12
No event,0.27,0.04,0.93,∞,1.56082E+12
No event,-0.49,-0.1,0.09,∞,1.56082E+12
No event,-0.4,-0.1,-0.02,∞,1.56082E+12
No event,0.42,0.08,0.21,10.84,1.56082E+12
No event,0.33,0.42,-0.12,∞,1.56082E+12
No event,-0.4,0.17,-0.07,13.79,1.56082E+12
No event,0.27,0.13,0.62,13.79,1.56082E+12
No event,-0.42,0.23,-0.05,13.79,1.56082E+12
No event,-0.33,0.03,0.1,∞,1.56082E+12
No event,-0.4,0.06,0.16,∞,1.56082E+12
No event,-0.21,0.01,0.13,∞,1.56082E+12
No event,0.45,0.41,0.57,∞,1.56082E+12
No event,-0.36,0.39,-0.1,∞,1.56082E+12
No event,-0.26,0.18,-0.08,∞,1.56082E+12
No event,0.49,-0.37,0.54,∞,1.56082E+12
No event,-0.35,-0.13,-0.38,∞,1.56082E+12
No event,0.19,0.12,-0.24,∞,1.56082E+12
No event,-0.31,0.11,0.52,∞,1.56082E+12
No event,-0.15,0.3,-0.25,∞,1.56082E+12
No event,-0.12,-0.13,-0.06,11.74,1.56082E+12
No event,-0.01,-0.16,-0.15,11.74,1.56082E+12
No event,-0.05,0.22,-0.2,17.72,1.56082E+12
No event,-0.44,0.45,0.56,17.72,1.56082E+12
No event,0.48,0.33,0.73,17.72,1.56082E+12
No event,-0.36,0.28,-0.06,17.72,1.56082E+12
No event,-0.32,-0.15,0.32,∞,1.56082E+12
No event,0.39,0.57,0.53,∞,1.56082E+12
No event,-0.13,-0.01,-0.27,∞,1.56082E+12
No event,-0.28,-0.61,0.01,∞,1.56082E+12
No event,-0.18,0.04,0.01,∞,1.56082E+12
No event,-0.12,0.2,-0.09,∞,1.56082E+12
No event,-0.4,-0.02,-0.35,14.16,1.56082E+12
No event,0.23,0.27,0.4,14.16,1.56082E+12
No event,-0.29,0.09,-0.01,12.97,1.56082E+12
No event,-0.23,-0.06,0.05,12.97,1.56082E+12
No event,-0.13,0.2,0.68,∞,1.56082E+12
No event,-0.37,0.5,0.53,∞,1.56082E+12
No event,-0.09,-0.03,0.21,∞,1.56082E+12
No event,-0.09,-0.11,-0.1,∞,1.56082E+12
No event,0.22,0.38,-0.13,16.46,1.56082E+12
No event,-0.14,0.15,0.46,16.46,1.56082E+12
No event,0.04,0.38,0,16.46,1.56082E+12
No event,-0.09,-0.15,0.44,∞,1.56082E+12
No event,-0.39,0.16,0.46,∞,1.56082E+12
No event,-0.4,-0.03,0.66,∞,1.56082E+12
No event,-0.37,0.06,0.66,∞,1.56082E+12
No event,-0.01,0.31,0.5,∞,1.56082E+12
No event,-0.31,-0.04,0.95,∞,1.56082E+12
No event,0,0.16,0.22,∞,1.56082E+12
No event,-0.18,-0.19,0.94,∞,1.56082E+12
No event,-0.37,0.14,0.74,∞,1.56082E+12
No event,-0.18,0.01,0.58,∞,1.56082E+12
No event,-0.29,0.28,0.52,∞,1.56082E+12
No event,-0.29,0.12,0.4,13.67,1.56082E+12
No event,-0.49,-0.11,0.11,13.67,1.56082E+12
No event,-0.11,0.28,0.16,13.84,1.56082E+12
No event,-0.26,-0.08,0.84,13.84,1.56082E+12
No event,-0.02,0.45,0.39,13.84,1.56082E+12
No event,-0.05,0.08,0.37,∞,1.56082E+12
No event,-0.2,0,0.32,∞,1.56082E+12
No event,0.09,0.11,0.7,∞,1.56082E+12
No event,0.02,0.61,0.81,∞,1.56082E+12
No event,-0.09,0.04,0.98,∞,1.56082E+12
No event,-0.28,-0.03,0.94,∞,1.56082E+12
No event,-0.27,-0.05,0.99,∞,1.56082E+12
No event,0.19,0.32,-0.15,∞,1.56082E+12
No event,-0.09,2.02,0.34,4.99,1.56082E+12
No event,-0.08,-0.52,-0.21,4.99,1.56082E+12
No event,-0.25,-0.37,-0.43,∞,1.56082E+12
No event,-0.45,-0.83,0.33,∞,1.56082E+12
No event,0.38,0.05,-0.33,∞,1.56082E+12
No event,-0.45,-0.19,-0.42,∞,1.56082E+12
No event,-0.38,0.25,0.53,∞,1.56082E+12
No event,-0.4,-0.03,-0.34,∞,1.56082E+12
No event,0.42,0.11,-0.18,∞,1.56082E+12
No event,-0.37,-0.05,-0.12,6.97,1.56082E+12
No event,-0.5,-0.07,-0.46,∞,1.56082E+12
No event,-0.13,0.12,-0.26,∞,1.56082E+12
No event,-0.34,-0.25,-0.38,∞,1.56082E+12
No event,0.26,0.1,0.03,∞,1.56082E+12
No event,-0.44,-0.03,-0.18,11.41,1.56082E+12
No event,0.27,-0.08,0.31,11.41,1.56082E+12
No event,-0.15,0.06,0.28,10.49,1.56082E+12
No event,-0.1,-0.29,0.24,11.56,1.56082E+12
No event,-0.09,0.32,-0.27,∞,1.56082E+12
No event,-0.15,0.06,0.11,12.29,1.56082E+12
No event,-0.37,0.07,0.33,∞,1.56082E+12
No event,-0.21,-0.24,0.72,∞,1.56082E+12
No event,-0.24,-0.05,0.03,∞,1.56082E+12
No event,-0.04,0.27,-0.19,13.03,1.56082E+12
No event,-0.23,0.12,0.43,13.19,1.56082E+12
No event,-0.39,-0.33,0.48,∞,1.56082E+12
No event,0.01,0.07,-0.02,∞,1.56082E+12
No event,-0.32,0.07,0.55,∞,1.56082E+12
No event,0.01,0.28,-0.38,∞,1.56082E+12
No event,0.36,0.82,0.16,∞,1.56082E+12
No event,-0.29,0.56,-0.04,11.99,1.56082E+12
No event,-0.34,0.24,0.02,11.99,1.56082E+12
No event,-0.26,0.14,-0.03,∞,1.56082E+12
No event,-0.22,-0.19,0.07,∞,1.56082E+12
No event,-0.23,0.07,0.99,∞,1.56082E+12
No event,-0.33,-0.32,0.23,∞,1.56082E+12
No event,-0.42,0.27,0.76,∞,1.56082E+12
No event,0.24,0.23,0.63,6.86,1.56082E+12
No event,0.1,0.08,0.14,6.86,1.56082E+12
No event,-0.41,-0.44,-0.14,5.93,1.56082E+12
No event,0.3,-0.3,0.44,5.93,1.56082E+12
No event,0.4,-0.26,0.01,5.56,1.56082E+12
No event,0.34,0.11,0.22,6.64,1.56082E+12
No event,-0.45,-0.18,0.01,∞,1.56082E+12
No event,-0.47,-0.1,0.18,∞,1.56082E+12
No event,0.01,0.1,0.82,∞,1.56082E+12
No event,-0.07,0.3,0.69,∞,1.56082E+12
No event,0.04,-0.13,0.85,∞,1.56082E+12
No event,-0.03,0.08,0.88,∞,1.56082E+12
No event,0.14,0.09,0.79,7.71,1.56082E+12
No event,0.15,-0.17,0.43,7.71,1.56082E+12
No event,0.19,-0.02,-0.16,∞,1.56082E+12
No event,-0.25,0.04,0.43,∞,1.56082E+12
No event,-0.15,-0.18,0.02,5.02,1.56082E+12
No event,0.44,-0.4,0.26,5.67,1.56082E+12
No event,0.24,0.64,0.03,∞,1.56082E+12
No event,0.23,0.1,0.73,∞,1.56082E+12
No event,-0.04,0.12,0.51,5.95,1.56082E+12
No event,-0.29,0.33,0.94,5.95,1.56082E+12
No event,0.07,0.5,0.06,5.95,1.56082E+12
No event,0.15,0,-0.35,8.31,1.56082E+12
No event,-0.32,0.02,0.3,8.31,1.56082E+12
No event,-0.04,0.29,-0.43,8.31,1.56082E+12
No event,-0.11,0.47,-0.12,5.28,1.56082E+12
No event,-0.48,-0.21,0.63,5.28,1.56082E+12
No event,-0.26,-0.1,-0.09,5.28,1.56082E+12
No event,0.11,-0.35,-0.24,7.31,1.56082E+12
No event,-0.31,0.08,0.36,7.31,1.56082E+12
No event,0.03,-0.06,-0.36,7.31,1.56082E+12
No event,0.02,0.05,-0.14,8.83,1.56082E+12
No event,-0.44,-0.12,0.62,8.83,1.56082E+12
No event,-0.18,0.44,-0.36,8.83,1.56082E+12
No event,-0.08,0.24,-0.29,6.77,1.56082E+12
No event,-0.43,0.05,0.26,6.77,1.56082E+12
No event,-0.17,0.18,-0.38,6.77,1.56082E+12
No event,0.03,0.48,-0.47,7.64,1.56082E+12
No event,-0.33,0.51,0.13,7.64,1.56082E+12
No event,-0.2,-0.17,-0.35,∞,1.56082E+12
No event,-0.4,-0.18,0.26,∞,1.56082E+12
No event,-0.03,-0.25,-0.41,∞,1.56082E+12
No event,0.25,-0.13,-0.31,∞,1.56082E+12
No event,-0.18,-0.22,0.51,∞,1.56082E+12
No event,-0.08,-0.07,-0.34,∞,1.56082E+12
No event,-0.12,0.31,-0.12,∞,1.56082E+12
No event,-0.08,0.39,-0.03,∞,1.56082E+12
No event,0.17,-0.01,0.35,∞,1.56082E+12
No event,-0.23,-0.59,0.97,∞,1.56082E+12
No event,-0.08,-0.09,0.29,∞,1.56082E+12
No event,0.23,0.25,0.15,∞,1.56082E+12
No event,-0.23,0.36,0.72,∞,1.56082E+12
No event,0.11,0.38,-0.02,∞,1.56082E+12
No event,-0.27,-0.45,-0.22,10.71,1.56082E+12
No event,-0.38,-0.16,0.46,10.71,1.56082E+12
No event,0.45,-0.02,-0.19,10.71,1.56082E+12
No event,0.48,0.15,0.59,∞,1.56082E+12
Brake,-0.08,0.45,2.06,∞,1.56082E+12
Brake,-1,0.55,1.88,5.41,1.56082E+12
No event,0.36,0.04,-0.37,3.32,1.56082E+12
No event,-0.16,0.2,0.62,3.32,1.56082E+12
No event,0.22,0.07,-0.25,∞,1.56082E+12
No event,-0.2,-0.13,0.12,∞,1.56082E+12
No event,-0.12,0.35,-0.12,∞,1.56082E+12
No event,-0.11,0.05,0.22,2.18,1.56082E+12
No event,-0.29,-0.02,0.84,2.18,1.56082E+12
No event,-0.15,-0.1,0.16,2.18,1.56082E+12
No event,-0.16,0.31,0.41,1.78,1.56082E+12
No event,-0.38,-0.5,-0.33,3.77,1.56082E+12
No event,-0.48,-0.04,-0.12,∞,1.56082E+12
No event,-0.43,0.27,0.08,∞,1.56082E+12
No event,-0.02,0.18,-0.2,∞,1.56082E+12
No event,0.14,-0.1,0.92,∞,1.56082E+12
No event,-0.23,0.21,0.68,∞,1.56082E+12
No event,0.15,0.16,0.21,∞,1.56082E+12
No event,-0.29,-0.03,0.92,∞,1.56082E+12
No event,0.04,0,0.17,∞,1.56082E+12
No event,-0.33,-0.07,0.27,∞,1.56082E+12
No event,-0.3,0.05,-0.02,∞,1.56082E+12
No event,-0.3,-0.07,0.59,10.89,1.56082E+12
No event,-0.45,-0.05,0.73,10.89,1.56082E+12
No event,-0.22,0.16,0.86,5.14,1.56082E+12
No event,0.05,0.18,0.9,5.28,1.56082E+12
No event,0.15,0.32,0.41,∞,1.56082E+12
No event,-0.25,0.33,0.24,∞,1.56082E+12
No event,-0.4,-0.02,0.98,1.69,1.56082E+12
Turn,-1.55,-0.03,-0.42,3.72,1.56082E+12
No event,0.24,-0.2,0.36,∞,1.56082E+12
No event,-0.45,0.09,-0.37,5.85,1.56082E+12
No event,0.32,0.51,0.28,5.85,1.56082E+12
No event,-0.29,-0.33,0.73,∞,1.56082E+12
No event,-0.3,0.09,0.89,7.99,1.56082E+12
No event,-0.28,0.22,0.94,7.99,1.56082E+12
No event,-0.09,-0.08,0.94,8.26,1.56082E+12
No event,-0.34,0.16,0.8,8.26,1.56082E+12
No event,-0.25,0.14,0.62,9.58,1.56082E+12
No event,-0.26,0.07,0.33,9.58,1.56082E+12
No event,-0.21,-0.11,0.46,∞,1.56082E+12
No event,-0.4,-0.14,0.67,∞,1.56082E+12
No event,-0.28,-0.17,0.93,∞,1.56082E+12
No event,-0.34,-0.09,0.82,∞,1.56082E+12
No event,-0.36,0.17,0.99,∞,1.56082E+12
No event,-0.45,-0.03,0.7,∞,1.56082E+12
No event,-0.16,0.17,0.6,∞,1.56082E+12
No event,0.02,-0.04,0.69,∞,1.56082E+12
No event,-0.35,0.05,0.45,∞,1.56082E+12
No event,0.08,0.21,0.03,1.02,1.56082E+12
No event,-0.06,-0.15,0.64,1.02,1.56082E+12
No event,0.14,0.25,-0.25,1.02,1.56082E+12
No event,-0.01,-0.28,-0.13,∞,1.56082E+12
No event,-0.48,0.01,0.5,∞,1.56082E+12
No event,0.12,0.01,-0.36,∞,1.56082E+12
No event,0.46,0.02,0.53,2.92,1.56082E+12
No event,0.33,0.15,0.5,∞,1.56082E+12
No event,0.48,-0.06,0.7,3.42,1.56082E+12
No event,0.43,0.44,0.49,∞,1.56082E+12
No event,0.07,0.67,0.58,∞,1.56082E+12
No event,-0.44,0.25,0.73,4.59,1.56082E+12
No event,-0.05,0.14,0.33,∞,1.56082E+12
No event,-0.34,0.05,0.98,∞,1.56082E+12
No event,0.01,0.19,-0.23,∞,1.56082E+12
No event,0.15,-0.3,-0.32,4.65,1.56082E+12
No event,-0.25,-0.2,0.37,4.65,1.56082E+12
No event,0.05,-0.1,-0.09,4.65,1.56082E+12
No event,0.29,0.13,-0.16,∞,1.56082E+12
No event,-0.09,-0.01,0.46,∞,1.56082E+12
No event,0.17,0.23,-0.44,∞,1.56082E+12
No event,0.33,0.26,-0.3,4.42,1.56082E+12
No event,0.06,0.1,0.31,4.42,1.56082E+12
No event,0.36,0.2,-0.38,4.42,1.56082E+12
No event,0.3,0.36,0.34,∞,1.56082E+12
No event,0.49,-0.21,-0.38,5.51,1.56082E+12
No event,0.01,-0.4,0.19,5.51,1.56082E+12
No event,0.41,0.26,-0.47,5.14,1.56082E+12
No event,0.06,0.15,0.29,5.14,1.56082E+12
No event,0.26,0.19,-0.42,5.14,1.56082E+12
No event,0.17,-0.12,-0.3,6.45,1.56082E+12
No event,-0.15,-0.27,0.32,6.45,1.56082E+12
No event,0.19,0.15,-0.39,6.45,1.56082E+12
No event,0.3,-0.34,-0.26,∞,1.56082E+12
No event,-0.15,-0.15,0.38,∞,1.56082E+12
No event,0.05,0.09,-0.37,∞,1.56082E+12
No event,0.41,0.26,-0.23,8.32,1.56082E+12
No event,-0.06,0,0.48,8.32,1.56082E+12
No event,0.35,-0.13,0,8.32,1.56082E+12
No event,0.1,-0.17,0.63,∞,1.56082E+12
No event,0.02,-0.02,0.56,∞,1.56082E+12
No event,0.31,0.15,0.44,6.79,1.56082E+12
No event,0.06,0.34,0.17,6.79,1.56082E+12
No event,-0.29,-0.22,0.38,∞,1.56082E+12
No event,0.3,-0.13,0.8,∞,1.56082E+12
No event,-0.46,-0.35,-0.05,∞,1.56082E+12
No event,-0.36,-0.09,-0.31,∞,1.56082E+12
No event,0.41,0.02,0.75,∞,1.56082E+12
No event,-0.48,0.17,-0.27,∞,1.56082E+12
No event,0.09,-0.09,0.81,7.85,1.56082E+12
No event,-0.02,-0.01,0.84,9.19,1.56082E+12
No event,-0.29,0,0.33,∞,1.56082E+12
No event,-0.29,0.08,0.29,∞,1.56082E+12
No event,-0.21,-0.04,0.34,∞,1.56082E+12
No event,-0.41,0.03,0.29,8.84,1.56082E+12
No event,0.05,0.09,0.27,∞,1.56082E+12
No event,-0.38,0.08,0.97,∞,1.56082E+12
No event,-0.18,0.21,0.28,∞,1.56082E+12
No event,-0.37,0.15,0.37,9.32,1.56082E+12
No event,-0.47,0,0.74,8.83,1.56082E+12
No event,-0.35,-0.19,0.09,∞,1.56082E+12
No event,0.12,-0.15,0.85,∞,1.56082E+12
No event,-0.47,0.01,0.54,7.68,1.56082E+12
No event,-0.5,0.2,0.83,∞,1.56082E+12
No event,-0.45,-0.08,0.86,6.33,1.56082E+12
No event,-0.14,0.6,0.22,3.19,1.56082E+12
No event,-0.38,0.22,0.87,3.19,1.56082E+12
No event,-0.17,-0.17,0.22,3.19,1.56082E+12
No event,-0.22,-0.57,0.19,∞,1.56082E+12
No event,-0.42,-1.68,0.67,∞,1.56082E+12
No event,0.2,0.59,0.6,∞,1.56082E+12
No event,0.01,-0.6,-0.01,∞,1.56082E+12
No event,-0.2,-0.26,0.15,∞,1.56082E+12
No event,-0.37,0.47,-0.19,∞,1.56082E+12
No event,-0.23,0.01,0.39,3.59,1.56082E+12
No event,-0.28,0.07,0.49,3.59,1.56082E+12
No event,-0.47,0.11,0.95,3.77,1.56082E+12
No event,-0.47,0.05,0.42,∞,1.56082E+12
No event,-0.49,0.19,0.17,∞,1.56082E+12
No event,-0.13,0.04,0.24,3.66,1.56082E+12
No event,-0.5,0.04,0.93,3.66,1.56082E+12
No event,-0.28,0.21,0.23,3.66,1.56082E+12
No event,-0.24,0.17,0.51,∞,1.56082E+12
No event,-0.32,0.13,0.46,∞,1.56082E+12
No event,-0.14,0.08,0.85,∞,1.56082E+12
No event,-0.29,0.19,0.35,∞,1.56082E+12
No event,-0.32,0.16,-0.14,∞,1.56082E+12
No event,0.46,0.17,0.58,∞,1.56082E+12
No event,-0.4,0.29,-0.27,∞,1.56082E+12
No event,-0.38,0.04,-0.15,3.05,1.56082E+12
No event,0.31,0.08,0.46,3.05,1.56082E+12
No event,-0.46,0.11,-0.4,3.05,1.56082E+12
No event,-0.25,-0.08,-0.28,3.24,1.56082E+12
No event,0.43,-0.09,0.56,3.24,1.56082E+12
No event,-0.48,0,-0.14,3.24,1.56082E+12
No event,-0.38,0.17,0.27,∞,1.56082E+12
No event,-0.48,-0.02,0.57,∞,1.56082E+12
No event,0.06,-0.09,0.42,∞,1.56082E+12
No event,0.19,0.18,0.35,∞,1.56082E+12
No event,0.4,0.05,0.25,∞,1.56082E+12
No event,-0.18,0.02,-0.02,∞,1.56082E+12
No event,-0.27,-0.05,-0.48,5.6,1.56082E+12
No event,-0.31,-0.17,0.13,∞,1.56082E+12
No event,-0.06,0.11,0.08,6.93,1.56082E+12
No event,-0.19,0.17,0.17,∞,1.56082E+12
No event,-0.35,0.44,0.79,∞,1.56082E+12
No event,-0.27,0.16,0.34,∞,1.56082E+12
No event,-0.05,0.15,0.7,∞,1.56082E+12
No event,-0.07,0.37,-0.13,∞,1.56082E+12
No event,-0.41,0.12,0.54,∞,1.56082E+12
No event,-0.03,0.21,0.01,∞,1.56082E+12
No event,-0.3,-0.06,0.05,∞,1.56082E+12
No event,0.23,0.04,0.82,∞,1.56082E+12
No event,0.35,0.43,-0.01,∞,1.56082E+12
No event,0,0.28,0.77,∞,1.56082E+12
No event,0.34,0.37,-0.04,∞,1.56082E+12
No event,0.12,0.49,-0.08,10.41,1.56082E+12
No event,-0.34,0.46,0.52,10.41,1.56082E+12
No event,-0.19,0.46,-0.19,10.41,1.56082E+12
No event,-0.27,-0.04,-0.01,∞,1.56082E+12
No event,0.4,0.11,0.73,∞,1.56082E+12
No event,-0.4,0.15,-0.14,∞,1.56082E+12
No event,-0.25,0.21,-0.12,∞,1.56082E+12
No event,-0.31,0.13,-0.1,∞,1.56082E+12
No event,-0.05,0.1,-0.03,10.41,1.56082E+12
No event,-0.29,0.02,0.6,10.41,1.56082E+12
No event,-0.04,0.19,-0.16,10.41,1.56082E+12
No event,0.16,-0.28,0.2,∞,1.56082E+12
No event,-0.35,-0.04,0.83,∞,1.56082E+12
No event,-0.15,-0.14,0.3,∞,1.56082E+12
No event,-0.42,0.05,0.42,∞,1.56082E+12
No event,-0.09,-0.61,0.38,∞,1.56082E+12
No event,-0.32,0.48,0.21,∞,1.56082E+12
No event,-0.46,0.12,0.05,13.59,1.56082E+12
No event,0.14,-0.55,0.49,13.59,1.56082E+12
No event,-0.37,0.13,-0.03,∞,1.56082E+12
No event,-0.18,0.11,0.08,∞,1.56082E+12
No event,0.11,-0.2,0.06,∞,1.56082E+12
No event,-0.29,-0.41,0.66,∞,1.56082E+12
No event,-0.16,-0.12,0.01,∞,1.56082E+12
No event,-0.21,-0.06,0.76,∞,1.56082E+12
No event,-0.38,0.16,0.02,14.86,1.56082E+12
No event,-0.37,0.35,-0.22,14.86,1.56082E+12
No event,-0.35,0.02,-0.01,∞,1.56082E+12
No event,0.34,0.23,0.64,∞,1.56082E+12
No event,-0.45,0.28,-0.09,∞,1.56082E+12
No event,-0.21,0.16,0.14,∞,1.56082E+12
No event,-0.14,-0.31,0.18,∞,1.56082E+12
No event,-0.31,-0.5,0.19,14.14,1.56082E+12
No event,0.39,-0.25,0.62,14.14,1.56082E+12
No event,-0.27,-0.12,-0.18,15.14,1.56082E+12
No event,-0.4,0.04,0.23,15.14,1.56082E+12
No event,-0.47,0.02,0.62,∞,1.56082E+12
No event,-0.37,0.38,0.53,∞,1.56082E+12
No event,-0.42,0.35,0.65,∞,1.56082E+12
No event,0.23,-0.14,0.65,∞,1.56082E+12
No event,-0.01,0.35,0.45,∞,1.56082E+12
No event,-0.03,0.47,0.31,14.55,1.56082E+12
No event,-0.38,-0.03,0.78,14.55,1.56082E+12
No event,-0.15,0.34,-0.09,14.55,1.56082E+12
No event,-0.42,-0.02,-0.19,∞,1.56082E+12
No event,-0.43,0.25,0.13,∞,1.56082E+12
No event,-0.17,0.49,0.49,∞,1.56082E+12
No event,-0.13,0.55,0.42,∞,1.56082E+12
No event,0.08,0.09,0.45,∞,1.56082E+12
No event,-0.08,0.22,0.48,∞,1.56082E+12
Brake,-0.27,0.09,3.13,∞,1.56082E+12
No event,0.46,-0.17,-0.26,3.08,1.56082E+12
No event,0,-0.53,0.35,3.39,1.56082E+12
No event,-0.38,0.21,0.05,∞,1.56082E+12
No event,0.33,0.21,0.67,∞,1.56082E+12
No event,-0.16,0.21,-0.42,∞,1.56082E+12
No event,0.29,0,0.47,∞,1.56082E+12
No event,0.33,0.05,0.25,∞,1.56082E+12
No event,-0.36,0.22,-0.43,∞,1.56082E+12
No event,0.35,0.15,0.24,5.74,1.56082E+12
No event,-0.17,0.12,-0.26,∞,1.56082E+12
No event,-0.37,-0.12,0.49,∞,1.56082E+12
No event,-0.19,-0.17,0.14,∞,1.56082E+12
No event,-0.33,-0.14,0.82,∞,1.56082E+12
No event,-0.17,-1.17,-0.2,4.18,1.56082E+12
No event,-0.36,-1.69,0.6,4.18,1.56082E+12
No event,-0.34,0.66,-0.02,4.18,1.56082E+12
No event,0.19,0.54,0.25,7.08,1.56082E+12
No event,-0.07,-0.09,-0.49,∞,1.56082E+12
No event,-0.42,0.14,0.14,∞,1.56082E+12
No event,-0.38,-0.17,0.13,∞,1.56082E+12
No event,0.49,0.04,0.13,∞,1.56082E+12
No event,-0.14,0.25,-0.31,5.71,1.56082E+12
No event,-0.43,-0.05,0.33,5.71,1.56082E+12
No event,-0.33,0.11,-0.44,5.71,1.56082E+12
No event,0.3,0.1,0.31,∞,1.56082E+12
No event,-0.21,0.14,-0.39,∞,1.56082E+12
No event,0.24,0.26,0.2,∞,1.56082E+12
No event,-0.47,0.43,-0.47,∞,1.56082E+12
No event,-0.27,0.16,0.08,∞,1.56082E+12
No event,-0.42,0.12,0.17,∞,1.56082E+12
No event,-0.09,0.08,0.89,∞,1.56082E+12
No event,0.01,0.12,0.83,∞,1.56082E+12
No event,0.27,0.1,0.91,∞,1.56082E+12
No event,0.24,0.03,0.84,9.69,1.56082E+12
No event,-0.33,0.32,-0.09,∞,1.56082E+12
No event,0.27,0.18,0.77,∞,1.56082E+12
No event,-0.44,-0.05,0.7,∞,1.56082E+12
Turn,-3.12,0.42,0.84,4.96,1.56082E+12
No event,-0.47,0.01,-0.21,5.14,1.56082E+12
No event,-0.39,0.14,0.26,5.75,1.56082E+12
No event,-0.04,0.34,-0.24,5.75,1.56082E+12
No event,0.3,0.07,0.02,∞,1.56082E+12
No event,-0.07,0.24,0.68,∞,1.56082E+12
No event,0.36,0.39,-0.02,∞,1.56082E+12
No event,0.39,0.5,-0.11,6.06,1.56082E+12
No event,-0.18,0.23,0.5,6.06,1.56082E+12
No event,-0.02,0.69,-0.15,6.06,1.56082E+12
No event,-0.37,-0.05,0.54,∞,1.56082E+12
No event,-0.35,0.05,0.26,6.86,1.56082E+12
No event,0.46,0.09,0.99,6.86,1.56082E+12
No event,-0.31,0.32,0.18,6.86,1.56082E+12
No event,-0.01,-0.02,0.48,∞,1.56082E+12
No event,-0.41,0.08,0.99,∞,1.56082E+12
No event,-0.16,-0.03,0.35,∞,1.56082E+12
No event,0.21,0.11,0.29,9.03,1.56082E+12
No event,0.26,0.06,0.27,9.32,1.56082E+12
No event,-0.03,-0.04,0.92,9.32,1.56082E+12
No event,-0.42,-0.03,0.2,9.32,1.56082E+12
No event,-0.4,0.11,0.28,8.97,1.56082E+12
No event,0.33,0.15,0.97,8.97,1.56082E+12
No event,-0.08,-0.23,0.33,∞,1.56082E+12
No event,0.1,0.02,0.45,∞,1.56082E+12
No event,-0.15,0.53,0.57,∞,1.56082E+12
No event,-0.2,-0.32,0.38,∞,1.56082E+12
No event,-0.42,-0.09,0.41,∞,1.56082E+12
No event,-0.47,0.84,0.5,∞,1.56082E+12
Brake,-0.13,0.15,2.46,∞,1.56082E+12
No event,-0.44,0.05,0.76,10.61,1.56082E+12
No event,-0.44,-0.01,0.58,10.61,1.56082E+12
No event,0.1,0.22,0.91,5.07,1.56082E+12
No event,0.02,0.37,0.77,5.07,1.56082E+12
No event,-0.03,0.16,0.61,6.14,1.56082E+12
No event,-0.33,0.01,0.36,6.14,1.56082E+12
No event,-0.28,-0.12,0.46,∞,1.56082E+12
No event,-0.3,0.01,0.93,∞,1.56082E+12
No event,0.19,0.3,0.8,∞,1.56082E+12
No event,-0.27,0.26,0.23,∞,1.56082E+12
No event,-0.32,0.32,0.32,∞,1.56082E+12
No event,-0.42,0.32,0.82,∞,1.56082E+12
No event,-0.38,-0.96,0.34,∞,1.56082E+12
No event,-0.25,0.25,0.19,∞,1.56082E+12
No event,0.14,1.26,-0.36,∞,1.56082E+12
No event,-0.1,-0.02,0.55,∞,1.56082E+12
No event,-0.28,-0.01,0.51,∞,1.56082E+12
No event,-0.1,0.08,0.86,3.89,1.56082E+12
No event,-0.02,0.03,0.9,∞,1.56082E+12
No event,-0.16,-0.14,0.63,∞,1.56082E+12
No event,0.03,0.09,0.79,∞,1.56082E+12
No event,0.02,0.08,0.32,4.86,1.56082E+12
No event,-0.48,-0.03,0.99,4.86,1.56082E+12
No event,-0.27,0.35,0.19,4.86,1.56082E+12
No event,-0.21,0.01,0.15,∞,1.56082E+12
No event,0.33,-0.14,0.77,∞,1.56082E+12
No event,-0.39,0.2,0.04,∞,1.56082E+12
No event,0.45,0.27,0.78,∞,1.56082E+12
No event,-0.36,0.3,-0.09,∞,1.56082E+12
No event,-0.34,0.21,-0.23,∞,1.56082E+12
No event,-0.44,0.08,-0.17,∞,1.56082E+12
No event,-0.36,-0.04,0.44,4.88,1.56082E+12
No event,-0.43,0.08,0.36,4.88,1.56082E+12
No event,-0.4,-0.08,0.79,∞,1.56082E+12
No event,0.02,0.1,0.97,∞,1.56082E+12
No event,0.11,-0.09,0.92,∞,1.56082E+12
No event,0.05,0.11,0.39,∞,1.56082E+12
No event,0.06,0.14,-0.25,2.07,1.56082E+12
No event,-0.3,0.07,0.42,2.07,1.56082E+12
No event,0,0.17,-0.32,2.07,1.56082E+12
No event,0.1,0.08,-0.19,∞,1.56082E+12
No event,-0.31,0.09,0.47,∞,1.56082E+12
No event,0,0.3,-0.32,∞,1.56082E+12
No event,0.11,0.17,-0.26,∞,1.56082E+12
No event,-0.23,0.04,0.33,∞,1.56082E+12
No event,-0.04,0.28,-0.41,∞,1.56082E+12
No event,0.27,0.22,-0.23,4.81,1.56082E+12
No event,-0.1,0.13,0.47,4.81,1.56082E+12
No event,0.12,0.27,-0.26,4.81,1.56082E+12
No event,-0.27,0.08,-0.24,∞,1.56082E+12
No event,0.22,0.12,0.49,∞,1.56082E+12
No event,0.24,0.04,0.44,∞,1.56082E+12
No event,0.02,0.1,0.74,∞,1.56082E+12
No event,-0.14,0.15,0.76,∞,1.56082E+12
No event,-0.31,0.09,0.62,∞,1.56082E+12
No event,-0.33,-0.15,0.57,∞,1.56082E+12
No event,-0.37,0.48,0.62,∞,1.56082E+12
No event,-0.25,0.27,0.41,6.43,1.56082E+12
No event,-0.41,-0.04,0.09,6.43,1.56082E+12
No event,-0.23,-0.41,0.69,∞,1.56082E+12
No event,-0.14,-0.01,0.87,∞,1.56082E+12
No event,-0.15,0.22,1,∞,1.56082E+12
No event,0.22,-0.9,0.39,∞,1.56082E+12
No event,-0.11,-1.53,0.95,∞,1.56082E+12
No event,-0.06,-0.69,0.39,∞,1.56082E+12
No event,-0.14,0.79,-0.3,∞,1.56082E+12
No event,-0.16,0.94,-0.33,∞,1.56082E+12
No event,0.02,-0.02,0.35,6.07,1.56082E+12
No event,-0.2,0.28,0.6,6.07,1.56082E+12
No event,-0.13,0.09,-0.17,∞,1.56082E+12
No event,-0.28,0.13,-0.4,∞,1.56082E+12
No event,-0.41,0,0.09,∞,1.56082E+12
No event,0.17,-0.26,0.44,∞,1.56082E+12
No event,-0.29,-0.13,0.97,∞,1.56082E+12
No event,-0.04,0.11,0.54,1.47,1.56082E+12
No event,0.33,0.08,0.51,∞,1.56082E+12
No event,0.09,0.13,0.29,∞,1.56082E+12
No event,0.13,0.06,0.04,∞,1.56082E+12
No event,-0.26,-0.11,0.69,∞,1.56082E+12
No event,-0.03,0.09,0.04,∞,1.56082E+12
No event,0.08,-0.02,0.56,2.74,1.56082E+12
No event,-0.01,0.28,0.55,2.74,1.56082E+12
No event,0.1,-0.11,0.71,2.85,1.56082E+12
No event,-0.14,0.45,0.95,2.85,1.56082E+12
No event,-0.22,0.6,0.7,0.51,1.56082E+12
No event,-0.25,-0.96,0.35,0.51,1.56082E+12
No event,0.02,0,0.59,∞,1.56082E+12
No event,-0.17,0.08,0.61,∞,1.56082E+12
No event,0.02,0.11,0.68,4.64,1.56082E+12
No event,-0.03,0.35,0.53,4.64,1.56082E+12
No event,-0.18,0.18,0.49,3.92,1.56082E+12
No event,-0.37,0.12,0.38,3.92,1.56082E+12
No event,-0.33,0.04,0.56,∞,1.56082E+12
No event,-0.33,0.01,0.53,∞,1.56082E+12
No event,-0.47,0.23,0.55,∞,1.56082E+12
No event,-0.29,0.06,0.95,∞,1.56082E+12
No event,-0.32,0.03,0.76,∞,1.56082E+12
No event,-0.28,0.11,0.62,∞,1.56082E+12
No event,-0.39,0.14,0.86,∞,1.56082E+12
No event,-0.25,-0.05,0.82,∞,1.56082E+12
No event,-0.23,0.01,0.57,3.5,1.56082E+12
No event,-0.38,0.14,0.23,3.5,1.56082E+12
No event,-0.22,-0.01,0.82,3.44,1.56082E+12
No event,-0.29,-0.05,0.7,3.69,1.56082E+12
No event,-0.28,-0.05,0.37,3.69,1.56082E+12
No event,-0.31,0.01,-0.01,∞,1.56082E+12
No event,0.42,0.13,0.43,∞,1.56082E+12
No event,-0.38,0.15,-0.43,∞,1.56082E+12
No event,0.33,0.16,0.34,∞,1.56082E+12
No event,-0.37,0.15,-0.36,2.01,1.56082E+12
No event,0.39,0.22,0.28,2.01,1.56082E+12
No event,-0.37,0.17,-0.43,2.01,1.56082E+12
No event,-0.24,0.06,-0.38,∞,1.56082E+12
No event,0.4,-0.07,0.49,∞,1.56082E+12
No event,-0.47,-0.03,0.9,∞,1.56082E+12
No event,-0.09,0.16,0.78,∞,1.56082E+12
No event,-0.47,-0.01,0.95,∞,1.56082E+12
No event,-0.32,0.12,0.13,∞,1.56082E+12
No event,-0.24,0.12,-0.08,1.81,1.56082E+12
No event,-0.19,0.24,-0.17,1.81,1.56082E+12
No event,-0.1,0.06,0.18,∞,1.56082E+12
No event,-0.23,0.2,0.2,∞,1.56082E+12
No event,0.08,-0.01,0.68,2.17,1.56082E+12
No event,-0.03,0.02,0.5,2.17,1.56082E+12
No event,-0.19,0.11,0.01,2.3,1.56082E+12
No event,-0.27,-0.02,0.06,2.3,1.56082E+12
No event,-0.29,-0.24,0.33,∞,1.56082E+12
No event,0.41,-0.17,0.97,∞,1.56082E+12
No event,-0.13,-0.61,0.46,2.34,1.56082E+12
No event,-0.3,-0.02,-0.06,2.34,1.56082E+12
No event,-0.18,0.35,-0.32,∞,1.56082E+12
No event,0.22,-0.03,0.07,4.89,1.56082E+12
No event,-0.15,0.14,0.78,4.89,1.56082E+12
No event,0.16,0.19,0.06,4.89,1.56082E+12
No event,0.44,0.22,0.83,∞,1.56082E+12
No event,0.19,0.25,0.92,∞,1.56082E+12
No event,-0.08,1,0.01,5.92,1.56082E+12
No event,-0.14,-0.33,0.13,5.92,1.56082E+12
No event,0.13,-1.58,0.37,5.09,1.56082E+12
No event,-0.21,-1.45,0.82,5.09,1.56082E+12
No event,0.43,0.32,0.88,5.09,1.56082E+12
No event,-0.42,0.89,-0.03,5.09,1.56082E+12
No event,0.27,0.27,0.57,∞,1.56082E+12
No event,-0.23,0.04,-0.07,4.9,1.56082E+12
No event,0.38,0.17,0.6,4.9,1.56082E+12
No event,-0.32,0.08,-0.13,4.9,1.56082E+12
No event,-0.35,0.16,-0.14,4.77,1.56082E+12
No event,0.43,0.14,0.67,4.77,1.56082E+12
No event,-0.48,0.4,-0.29,4.77,1.56082E+12
No event,0.18,0,0.62,∞,1.56082E+12
No event,-0.15,0.25,0.36,∞,1.56082E+12
No event,-0.09,0.32,0.42,∞,1.56082E+12
No event,0.01,-0.16,0.66,11,1.56082E+12
No event,-0.31,0.31,0.97,11,1.56082E+12
No event,-0.35,0.49,0.67,∞,1.56082E+12
No event,-0.31,0.31,0.23,∞,1.56082E+12
No event,-0.21,0.02,0.11,∞,1.56082E+12
No event,-0.17,-0.09,-0.01,∞,1.56082E+12
No event,0.07,-0.03,0.14,10.04,1.56082E+12
No event,-0.32,-0.05,0.74,10.04,1.56082E+12
No event,-0.09,0.27,0.22,10.04,1.56082E+12
No event,-0.19,0.27,0.43,∞,1.56082E+12
No event,-0.27,-0.17,0.97,10.34,1.56082E+12
No event,-0.26,0.23,0.81,∞,1.56082E+12
No event,-0.41,-0.05,0.64,9.46,1.56082E+12
No event,-0.23,0.21,0.6,2,1.56082E+12
No event,-0.3,0.49,0.63,2,1.56082E+12
No event,-0.36,0.14,0.52,∞,1.56082E+12
No event,-0.15,0.07,0.8,7,1.56082E+12
No event,-0.18,0.17,0.56,7,1.56082E+12
No event,0.31,0.09,0.5,4.39,1.56082E+12
No event,0.31,0.01,0.49,4.39,1.56082E+12
No event,0.08,-0.11,0.75,∞,1.56082E+12
No event,-0.26,0.54,0.44,∞,1.56082E+12
No event,-0.11,0.25,0.2,8.05,1.56082E+12
No event,-0.04,-0.15,0.03,8.05,1.56082E+12
No event,0.27,-0.02,-0.02,4.65,1.56082E+12
No event,-0.11,-0.14,0.6,4.65,1.56082E+12
No event,-0.05,0.07,-0.08,4.65,1.56082E+12
No event,0.11,0,0.1,∞,1.56082E+12
No event,-0.21,-0.15,0.78,∞,1.56082E+12
No event,-0.07,0.15,-0.06,∞,1.56082E+12
No event,-0.04,-0.08,0.44,∞,1.56082E+12
No event,-0.04,0.19,0.43,∞,1.56082E+12
No event,0.35,0.1,0.75,8.77,1.56082E+12
No event,0.2,-0.09,0.82,8.77,1.56082E+12
No event,-0.29,0,0.85,7.6,1.56082E+12
No event,0.47,0.33,0.47,∞,1.56082E+12
No event,0.24,-0.07,0.63,∞,1.56082E+12
No event,0.06,0.35,0.61,∞,1.56082E+12
No event,-0.03,0.23,0.91,∞,1.56082E+12
No event,-0.22,0.15,0.9,∞,1.56082E+12
Brake,0.1,-0.34,3.08,∞,1.56082E+12
No event,0.17,0.09,0.39,5.03,1.56082E+12
No event,-0.21,0,0.91,5.03,1.56082E+12
No event,0.02,0.21,-0.07,5.03,1.56082E+12
No event,0.06,0.11,-0.22,∞,1.56082E+12
No event,-0.39,-0.05,0.53,∞,1.56082E+12
No event,-0.06,0.07,-0.13,∞,1.56082E+12
No event,0.04,-0.04,0.29,∞,1.56082E+12
No event,-0.29,-0.07,0.93,∞,1.56082E+12
No event,-0.04,0.14,0.14,∞,1.56082E+12
No event,0.09,-0.05,0.12,∞,1.56082E+12
No event,-0.3,-0.15,0.65,∞,1.56082E+12
No event,0.05,0.08,-0.04,∞,1.56082E+12
No event,0.14,-0.16,0.14,∞,1.56082E+12
No event,-0.21,-0.36,0.92,∞,1.56082E+12
No event,-0.11,-0.06,0.31,∞,1.56082E+12
No event,-0.1,0.28,0.95,∞,1.56082E+12
No event,-0.38,0.11,0.68,∞,1.56082E+12
No event,-0.47,0.23,0.45,∞,1.56082E+12
No event,-0.2,0.06,0.54,∞,1.56082E+12
No event,-0.31,0.11,0.41,∞,1.56082E+12
No event,-0.26,0.04,0.47,∞,1.56082E+12
No event,-0.39,0.14,0.39,∞,1.56082E+12
No event,-0.29,0.05,0.52,∞,1.56082E+12
No event,-0.38,0.14,0.44,∞,1.56082E+12
No event,-0.2,0.05,0.52,0.15,1.56082E+12
No event,-0.31,0.14,0.43,0.15,1.56082E+12
No event,-0.21,0.04,0.35,0.48,1.56082E+12
No event,-0.27,0.08,-0.02,0.48,1.56082E+12
No event,-0.22,0.05,-0.45,0.59,1.56082E+12
No event,0.41,0.09,0.18,0.59,1.56082E+12
No event,0.41,-0.03,0.38,∞,1.56082E+12
No event,-0.4,0.01,-0.37,∞,1.56082E+12
No event,-0.2,0.08,0.2,∞,1.56082E+12
No event,0.21,-0.12,-0.25,∞,1.56082E+12
No event,-0.18,-0.13,0.49,∞,1.56082E+12
No event,0.08,-0.14,-0.18,∞,1.56082E+12
No event,0.02,0.19,0.7,∞,1.56082E+12
No event,0.12,0.45,0.76,∞,1.56082E+12
No event,0.1,-0.39,0.83,∞,1.56082E+12
No event,-0.06,-0.33,0.3,∞,1.56082E+12
No event,-0.22,0.61,0.48,1.66,1.56082E+12
No event,-0.37,0.99,0.44,1.66,1.56082E+12
No event,-0.07,0.04,-0.49,∞,1.56082E+12
No event,-0.39,0.04,0.05,∞,1.56082E+12
No event,-0.12,0.06,0.31,∞,1.56082E+12
No event,-0.28,-0.18,0.53,∞,1.56082E+12
No event,-0.42,0.29,0.89,∞,1.56082E+12
No event,-0.39,0.03,0.17,∞,1.56082E+12
No event,0.17,0.08,0.97,∞,1.56082E+12
No event,-0.47,-0.08,0.46,5.15,1.56082E+12
No event,-0.33,0.1,0.51,5.15,1.56082E+12
No event,0.12,0.3,0.73,∞,1.56082E+12
No event,-0.17,-0.27,0.39,∞,1.56082E+12
No event,-0.2,-0.51,0.03,∞,1.56082E+12
No event,-0.39,-0.63,0.78,∞,1.56082E+12
No event,0.38,-0.33,0.92,∞,1.56082E+12
No event,-0.42,0.13,0.17,∞,1.56082E+12
No event,-0.38,-0.19,0.94,∞,1.56082E+12
No event,-0.37,-0.07,0.81,∞,1.56082E+12
No event,-0.42,0.45,0.5,∞,1.56082E+12
No event,-0.46,-0.29,0.57,∞,1.56082E+12
No event,-0.11,0.2,0.92,∞,1.56082E+12
No event,-0.04,0,0.84,10.03,1.56082E+12
No event,-0.22,0.27,0.94,∞,1.56082E+12
No event,-0.29,-0.05,0.69,∞,1.56082E+12
No event,-0.4,-0.03,0.67,∞,1.56082E+12
No event,-0.31,0.46,0.54,∞,1.56082E+12
No event,0.18,0.04,0.75,∞,1.56082E+12
No event,0.07,0.19,0.55,∞,1.56082E+12
No event,0.19,0.04,0.75,∞,1.56082E+12
No event,0.13,0.11,0.64,∞,1.56082E+12
No event,0.22,0.07,0.79,∞,1.56082E+12
No event,0.07,0.19,0.68,∞,1.56082E+12
No event,0.17,0.07,0.66,1.26,1.56082E+12
No event,0.1,0.15,0.57,1.26,1.56082E+12
No event,0.21,0.03,0.64,∞,1.56082E+12
No event,0.09,0.12,0.49,∞,1.56082E+12
No event,0.21,0.06,0.18,0.75,1.56082E+12
No event,-0.19,-0.04,0.78,0.75,1.56082E+12
No event,0.05,0.17,-0.03,0.75,1.56082E+12
No event,0.08,0.05,-0.04,∞,1.56082E+12
No event,-0.32,-0.02,0.59,∞,1.56082E+12
No event,-0.04,0.17,-0.18,∞,1.56082E+12
No event,0.22,0.2,-0.17,0.2,1.56082E+12
No event,-0.18,0.08,0.49,0.2,1.56082E+12
No event,0.2,0.17,-0.24,0.2,1.56082E+12
No event,0.23,-0.09,-0.14,∞,1.56082E+12
No event,0.03,-0.09,0.57,∞,1.56082E+12
No event,0.25,0.07,-0.03,∞,1.56082E+12
No event,0.03,-0.01,0.35,0.71,1.56082E+12
No event,NaN,NaN,NaN,2.01,1.56082E+12
No event,0.04,0.05,0.52,2.01,1.56082E+12
No event,0.42,0.08,0.11,2.01,1.56082E+12
No event,0.28,9.66,0.64,∞,1.56082E+12
No event,0.35,-0.09,0.9,∞,1.56082E+12
No event,0.19,0.09,0.79,∞,1.56082E+12
No event,-0.11,3.27,0.18,∞,1.56082E+12
No event,0.43,0.16,0.73,∞,1.56082E+12
No event,0.3,0.28,0.74,∞,1.56082E+12
No event,0.08,0.37,-0.08,4.83,1.56082E+12
No event,0.44,0.15,0.5,4.83,1.56082E+12
No event,0.41,0.15,0.18,4.83,1.56082E+12
